-- MySQL dump 10.13  Distrib 5.5.35, for debian-linux-gnu (x86_64)
--
-- Host: localhost    Database: fs2data
-- ------------------------------------------------------
-- Server version	5.5.35-0+wheezy1-log

/*!40101 SET @OLD_CHARACTER_SET_CLIENT=@@CHARACTER_SET_CLIENT */;
/*!40101 SET @OLD_CHARACTER_SET_RESULTS=@@CHARACTER_SET_RESULTS */;
/*!40101 SET @OLD_COLLATION_CONNECTION=@@COLLATION_CONNECTION */;
/*!40101 SET NAMES utf8 */;
/*!40103 SET @OLD_TIME_ZONE=@@TIME_ZONE */;
/*!40103 SET TIME_ZONE='+00:00' */;
/*!40014 SET @OLD_UNIQUE_CHECKS=@@UNIQUE_CHECKS, UNIQUE_CHECKS=0 */;
/*!40014 SET @OLD_FOREIGN_KEY_CHECKS=@@FOREIGN_KEY_CHECKS, FOREIGN_KEY_CHECKS=0 */;
/*!40101 SET @OLD_SQL_MODE=@@SQL_MODE, SQL_MODE='NO_AUTO_VALUE_ON_ZERO' */;
/*!40111 SET @OLD_SQL_NOTES=@@SQL_NOTES, SQL_NOTES=0 */;

--
-- Table structure for table `disk_usage`
--

DROP TABLE IF EXISTS `disk_usage`;
/*!40101 SET @saved_cs_client     = @@character_set_client */;
/*!40101 SET character_set_client = utf8 */;
CREATE TABLE `disk_usage` (
  `timestamp` varchar(255) NOT NULL,
  `disk_name` varchar(255) DEFAULT NULL,
  `kb_read` varchar(255) DEFAULT NULL,
  `kb_write` varchar(255) DEFAULT NULL,
  `node` varchar(255) NOT NULL
) ENGINE=InnoDB DEFAULT CHARSET=latin1;
/*!40101 SET character_set_client = @saved_cs_client */;

--
-- Dumping data for table `disk_usage`
--

LOCK TABLES `disk_usage` WRITE;
/*!40000 ALTER TABLE `disk_usage` DISABLE KEYS */;
INSERT INTO `disk_usage` VALUES ('20141129125201','suntest','1.22','47.11','node1'),('20141129125301','suntest','1.15','44.73','node1'),('20141129125401','suntest','1.10','42.61','node1'),('20141129125501','suntest','1.05','40.68','node1'),('20141129125601','suntest','1.00','38.90','node1'),('20141129125701','suntest','0.96','37.28','node1'),('20141129125802','suntest','0.92','35.77','node1'),('20141129125901','suntest','0.89','34.40','node1'),('20141129130001','suntest','0.85','33.14','node1'),('20141129130101','suntest','0.83','31.95','node1'),('20141129130201','suntest','0.80','30.84','node1'),('20141129130301','suntest','0.77','29.82','node1'),('20141129130402','suntest','0.75','28.85','node1'),('20141129130501','suntest','0.72','27.95','node1'),('20141129130601','suntest','0.70','27.10','node1'),('20141129130701','suntest','0.68','26.31','node1'),('20141129130801','suntest','0.66','25.56','node1'),('20141129130901','suntest','0.64','24.84','node1'),('20141129131001','suntest','0.63','24.17','node1'),('20141129131102','suntest','0.61','23.53','node1'),('20141129131201','suntest','0.59','22.93','node1'),('20141129131301','suntest','0.58','22.36','node1'),('20141129131401','suntest','0.56','21.81','node1'),('20141129131501','suntest','0.55','21.29','node1'),('20141129131601','suntest','0.54','20.80','node1'),('20141129131701','suntest','0.53','20.33','node1'),('20141129131801','suntest','0.51','19.88','node1'),('20141129131901','suntest','0.50','19.44','node1'),('20141129132001','suntest','0.49','19.03','node1'),('20141129132101','suntest','0.48','18.63','node1'),('20141129132201','suntest','0.47','18.25','node1'),('20141129132301','suntest','0.46','17.88','node1'),('20141129132401','suntest','0.45','17.53','node1'),('20141129132501','suntest','0.45','17.20','node1'),('20141129132601','suntest','0.44','16.87','node1'),('20141129132701','suntest','0.43','16.56','node1'),('20141129132801','suntest','0.42','16.26','node1'),('20141129132901','suntest','0.41','15.97','node1'),('20141129133002','suntest','0.41','15.69','node1'),('20141129133101','suntest','0.40','15.42','node1'),('20141129133201','suntest','0.39','15.16','node1'),('20141129133302','suntest','0.39','14.90','node1'),('20141129133401','suntest','0.38','14.66','node1'),('20141129133501','suntest','0.37','14.42','node1'),('20141129133601','suntest','0.37','14.19','node1'),('20141129133701','suntest','0.36','13.97','node1'),('20141129133801','suntest','0.36','13.76','node1'),('20141129133901','suntest','0.35','13.55','node1'),('20141129134002','suntest','0.35','13.34','node1'),('20141129134101','suntest','0.34','13.15','node1'),('20141129134202','suntest','0.34','12.96','node1'),('20141129134301','suntest','0.33','12.77','node1'),('20141129134401','suntest','0.33','12.60','node1'),('20141129134501','suntest','0.32','12.42','node1'),('20141129134601','suntest','0.32','12.25','node1'),('20141129134701','suntest','0.31','12.08','node1'),('20141129134801','suntest','0.31','11.92','node1'),('20141129134902','suntest','0.30','11.76','node1'),('20141129135001','suntest','0.30','11.61','node1'),('20141129135101','suntest','0.30','11.46','node1'),('20141129135202','suntest','0.29','11.32','node1'),('20141129135301','suntest','0.29','11.18','node1'),('20141129135401','suntest','0.29','11.04','node1'),('20141129135501','suntest','0.28','10.90','node1'),('20141129135601','suntest','0.28','10.77','node1'),('20141129135701','suntest','0.28','10.64','node1'),('20141129135801','suntest','0.27','10.52','node1'),('20141129135901','suntest','0.27','10.40','node1'),('20141129140001','suntest','0.27','10.28','node1'),('20141129140102','suntest','0.26','10.16','node1'),('20141129140201','suntest','0.26','10.05','node1'),('20141129140301','suntest','0.26','9.94','node1'),('20141129140402','suntest','0.25','9.83','node1'),('20141129140501','suntest','0.25','9.72','node1'),('20141129140601','suntest','0.25','9.61','node1'),('20141129140701','suntest','0.25','9.51','node1'),('20141129140801','suntest','0.24','9.41','node1'),('20141129140901','suntest','0.24','9.31','node1'),('20141129141001','suntest','0.24','9.22','node1'),('20141129141101','suntest','0.24','9.12','node1'),('20141129141201','suntest','0.23','9.03','node1'),('20141129141301','suntest','0.23','8.94','node1'),('20141129141402','suntest','0.23','8.85','node1'),('20141129141501','suntest','0.23','8.77','node1'),('20141129141602','suntest','0.22','8.68','node1'),('20141129141701','suntest','0.22','8.60','node1'),('20141129141801','suntest','0.22','8.52','node1'),('20141129141901','suntest','0.22','8.43','node1'),('20141129142001','suntest','0.22','8.36','node1'),('20141129142101','suntest','0.21','8.28','node1'),('20141129142201','suntest','0.21','8.20','node1'),('20141129142302','suntest','0.21','8.13','node1'),('20141129142401','suntest','0.21','8.05','node1'),('20141129142501','suntest','0.21','7.98','node1'),('20141129142601','suntest','0.20','7.91','node1'),('20141129142701','suntest','0.20','7.84','node1'),('20141129142802','suntest','0.20','7.77','node1'),('20141129142901','suntest','0.20','7.71','node1'),('20141129143001','suntest','0.20','7.64','node1'),('20141129143101','suntest','0.20','7.58','node1'),('20141129143201','suntest','0.19','7.52','node1'),('20141129143301','suntest','0.19','7.45','node1'),('20141129143401','suntest','0.19','7.40','node1'),('20141129143501','suntest','0.19','7.34','node1'),('20141129143601','suntest','0.19','7.28','node1'),('20141129143701','suntest','0.19','7.23','node1'),('20141129143801','suntest','0.19','7.17','node1'),('20141129143901','suntest','0.18','7.11','node1'),('20141129144002','suntest','0.18','7.06','node1'),('20141129144101','suntest','0.18','7.00','node1'),('20141129144202','suntest','0.18','6.95','node1'),('20141129144301','suntest','0.18','6.90','node1'),('20141129144401','suntest','0.18','6.84','node1'),('20141129144501','suntest','0.18','6.79','node1'),('20141129144601','suntest','0.18','6.74','node1'),('20141129144701','suntest','0.17','6.69','node1'),('20141129144801','suntest','0.17','6.64','node1'),('20141129144901','suntest','0.17','6.59','node1'),('20141129145001','suntest','0.17','6.54','node1'),('20141129145101','suntest','0.17','6.50','node1'),('20141129145202','suntest','0.17','6.45','node1'),('20141129145301','suntest','0.17','6.40','node1'),('20141129145401','suntest','0.17','6.36','node1'),('20141129145502','suntest','0.16','6.31','node1'),('20141129145601','suntest','0.16','6.27','node1'),('20141129145701','suntest','0.16','6.23','node1'),('20141129145801','suntest','0.16','6.18','node1'),('20141129145901','suntest','0.16','6.14','node1'),('20141129150001','suntest','0.16','6.10','node1'),('20141129150101','suntest','0.16','6.06','node1'),('20141129150201','suntest','0.16','6.02','node1'),('20141129150301','suntest','0.16','5.98','node1'),('20141129150402','suntest','0.15','5.94','node1'),('20141129150501','suntest','0.15','5.90','node1'),('20141129150602','suntest','0.15','5.86','node1'),('20141129150701','suntest','0.15','5.82','node1'),('20141129150801','suntest','0.15','5.78','node1'),('20141129150901','suntest','0.15','5.75','node1'),('20141129151001','suntest','0.15','5.71','node1'),('20141129151101','suntest','0.15','5.67','node1'),('20141129151201','suntest','0.15','5.64','node1'),('20141129151301','suntest','0.15','5.60','node1'),('20141129151401','suntest','0.14','5.57','node1'),('20141129151501','suntest','0.14','5.53','node1'),('20141129151602','suntest','0.14','5.50','node1'),('20141129151701','suntest','0.14','5.47','node1'),('20141129151801','suntest','0.14','5.43','node1'),('20141129151902','suntest','0.14','5.40','node1'),('20141129152001','suntest','0.14','5.37','node1'),('20141129152101','suntest','0.14','5.34','node1'),('20141129152201','suntest','0.14','5.30','node1'),('20141129152301','suntest','0.14','5.27','node1'),('20141129152401','suntest','0.14','5.24','node1'),('20141129152501','suntest','0.14','5.21','node1'),('20141129152601','suntest','0.13','5.18','node1'),('20141129152701','suntest','0.13','5.15','node1'),('20141129152802','suntest','0.13','5.12','node1'),('20141129152901','suntest','0.13','5.09','node1'),('20141129153001','suntest','0.13','5.06','node1'),('20141129153102','suntest','0.13','5.04','node1'),('20141129153201','suntest','0.13','5.01','node1'),('20141129153301','suntest','0.13','4.98','node1'),('20141129153401','suntest','0.13','4.95','node1'),('20141129153501','suntest','0.13','4.93','node1'),('20141129153601','suntest','0.13','4.90','node1'),('20141129153701','suntest','0.13','4.87','node1'),('20141129153801','suntest','0.13','4.85','node1'),('20141129153901','suntest','0.13','4.82','node1'),('20141129154001','suntest','0.12','4.79','node1'),('20141129154101','suntest','0.12','4.77','node1'),('20141129154201','suntest','0.12','4.74','node1'),('20141129154302','suntest','0.12','4.72','node1'),('20141129154401','suntest','0.12','4.69','node1'),('20141129154501','suntest','0.12','4.67','node1'),('20141129154601','suntest','0.12','4.64','node1'),('20141129154701','suntest','0.12','4.62','node1'),('20141129154801','suntest','0.12','4.60','node1'),('20141129154901','suntest','0.12','4.57','node1'),('20141129155001','suntest','0.12','4.55','node1'),('20141129155101','suntest','0.12','4.53','node1'),('20141129155201','suntest','0.12','4.50','node1'),('20141129155301','suntest','0.12','4.48','node1'),('20141129155401','suntest','0.12','4.46','node1'),('20141129155501','suntest','0.12','4.44','node1'),('20141129155601','suntest','0.11','4.42','node1'),('20141129155701','suntest','0.11','4.39','node1'),('20141129155802','suntest','0.11','4.37','node1'),('20141129155901','suntest','0.11','4.35','node1'),('20141129160001','suntest','0.11','4.33','node1'),('20141129160101','suntest','0.11','4.31','node1'),('20141129160201','suntest','0.11','4.29','node1'),('20141129160301','suntest','0.11','4.27','node1'),('20141129160401','suntest','0.11','4.25','node1'),('20141129160501','suntest','0.11','4.23','node1'),('20141129160601','suntest','0.11','4.21','node1'),('20141129160701','suntest','0.11','4.19','node1'),('20141129160801','suntest','0.11','4.17','node1'),('20141129160901','suntest','0.11','4.15','node1');
/*!40000 ALTER TABLE `disk_usage` ENABLE KEYS */;
UNLOCK TABLES;

--
-- Table structure for table `eth_traffic`
--

DROP TABLE IF EXISTS `eth_traffic`;
/*!40101 SET @saved_cs_client     = @@character_set_client */;
/*!40101 SET character_set_client = utf8 */;
CREATE TABLE `eth_traffic` (
  `timestamp` varchar(255) NOT NULL,
  `interface` varchar(255) NOT NULL,
  `incoming` varchar(255) NOT NULL,
  `outgoing` varchar(255) NOT NULL,
  `node` varchar(255) NOT NULL,
  `in_bytes` varchar(255) NOT NULL,
  `out_bytes` varchar(255) NOT NULL
) ENGINE=InnoDB DEFAULT CHARSET=latin1;
/*!40101 SET character_set_client = @saved_cs_client */;

--
-- Dumping data for table `eth_traffic`
--

LOCK TABLES `eth_traffic` WRITE;
/*!40000 ALTER TABLE `eth_traffic` DISABLE KEYS */;
INSERT INTO `eth_traffic` VALUES ('20141129125201','bond0','0','0','node1','0','0'),('20141129125201','eth0','647893','1671594','node1','0','0'),('20141129125201','eth1','0','0','node1','0','0'),('20141129125201','eth2','0','0','node1','0','0'),('20141129125201','eth3','0','0','node1','0','0'),('20141129125201','eth4','0','0','node1','0','0'),('20141129125201','eth5','0','0','node1','0','0'),('20141129125201','lo','63514','63514','node1','0','0'),('20141129125301','bond0','0','0','node1','0.0','0.0'),('20141129125301','eth0','694598','1672276','node1','0.759765625','0.0107421875'),('20141129125301','eth1','0','0','node1','0.0','0.0'),('20141129125301','eth2','0','0','node1','0.0','0.0'),('20141129125301','eth3','0','0','node1','0.0','0.0'),('20141129125301','eth4','0','0','node1','0.0','0.0'),('20141129125301','eth5','0','0','node1','0.0','0.0'),('20141129125301','lo','66218','66218','node1','0.0439453125','0.0439453125'),('20141129125401','bond0','0','0','node1','0.0','0.0'),('20141129125401','eth0','724447','1673050','node1','0.4853515625','0.01171875'),('20141129125401','eth1','0','0','node1','0.0','0.0'),('20141129125401','eth2','0','0','node1','0.0','0.0'),('20141129125401','eth3','0','0','node1','0.0','0.0'),('20141129125401','eth4','0','0','node1','0.0','0.0'),('20141129125401','eth5','0','0','node1','0.0','0.0'),('20141129125401','lo','68130','68130','node1','0.0302734375','0.0302734375'),('20141129125501','bond0','0','0','node1','0.0','0.0'),('20141129125501','eth0','752411','1673686','node1','0.455078125','0.009765625'),('20141129125501','eth1','0','0','node1','0.0','0.0'),('20141129125501','eth2','0','0','node1','0.0','0.0'),('20141129125501','eth3','0','0','node1','0.0','0.0'),('20141129125501','eth4','0','0','node1','0.0','0.0'),('20141129125501','eth5','0','0','node1','0.0','0.0'),('20141129125501','lo','71242','71242','node1','0.0498046875','0.0498046875'),('20141129125601','bond0','0','0','node1','0.0','0.0'),('20141129125601','eth0','805725','1674322','node1','0.8671875','0.009765625'),('20141129125601','eth1','0','0','node1','0.0','0.0'),('20141129125601','eth2','0','0','node1','0.0','0.0'),('20141129125601','eth3','0','0','node1','0.0','0.0'),('20141129125601','eth4','0','0','node1','0.0','0.0'),('20141129125601','eth5','0','0','node1','0.0','0.0'),('20141129125601','lo','72918','72918','node1','0.0263671875','0.0263671875'),('20141129125701','bond0','0','0','node1','0.0','0.0'),('20141129125701','eth0','857521','1675092','node1','0.8427734375','0.01171875'),('20141129125701','eth1','0','0','node1','0.0','0.0'),('20141129125701','eth2','0','0','node1','0.0','0.0'),('20141129125701','eth3','0','0','node1','0.0','0.0'),('20141129125701','eth4','0','0','node1','0.0','0.0'),('20141129125701','eth5','0','0','node1','0.0','0.0'),('20141129125701','lo','75990','75990','node1','0.0498046875','0.0498046875'),('20141129125802','bond0','0','0','node1','0.0','0.0'),('20141129125802','eth0','887223','1676034','node1','0.474609375','0.0146484375'),('20141129125802','eth1','0','0','node1','0.0','0.0'),('20141129125802','eth2','0','0','node1','0.0','0.0'),('20141129125802','eth3','0','0','node1','0.0','0.0'),('20141129125802','eth4','0','0','node1','0.0','0.0'),('20141129125802','eth5','0','0','node1','0.0','0.0'),('20141129125802','lo','78416','78416','node1','0.0380859375','0.0380859375'),('20141129125901','bond0','0','0','node1','0.0','0.0'),('20141129125901','eth0','917586','1676670','node1','0.501953125','0.009765625'),('20141129125901','eth1','0','0','node1','0.0','0.0'),('20141129125901','eth2','0','0','node1','0.0','0.0'),('20141129125901','eth3','0','0','node1','0.0','0.0'),('20141129125901','eth4','0','0','node1','0.0','0.0'),('20141129125901','eth5','0','0','node1','0.0','0.0'),('20141129125901','lo','80496','80496','node1','0.0341796875','0.0341796875'),('20141129130001','bond0','0','0','node1','0.0','0.0'),('20141129130001','eth0','998193','2058370','node1','1.3115234375','6.2119140625'),('20141129130001','eth1','0','0','node1','0.0','0.0'),('20141129130001','eth2','0','0','node1','0.0','0.0'),('20141129130001','eth3','0','0','node1','0.0','0.0'),('20141129130001','eth4','0','0','node1','0.0','0.0'),('20141129130001','eth5','0','0','node1','0.0','0.0'),('20141129130001','lo','82660','82660','node1','0.03515625','0.03515625'),('20141129130101','bond0','0','0','node1','0.0','0.0'),('20141129130101','eth0','1032082','2157995','node1','0.55078125','1.62109375'),('20141129130101','eth1','0','0','node1','0.0','0.0'),('20141129130101','eth2','0','0','node1','0.0','0.0'),('20141129130101','eth3','0','0','node1','0.0','0.0'),('20141129130101','eth4','0','0','node1','0.0','0.0'),('20141129130101','eth5','0','0','node1','0.0','0.0'),('20141129130101','lo','96268','96268','node1','0.220703125','0.220703125'),('20141129130201','bond0','0','0','node1','0.0','0.0'),('20141129130201','eth0','1057966','2179874','node1','0.4208984375','0.35546875'),('20141129130201','eth1','0','0','node1','0.0','0.0'),('20141129130201','eth2','0','0','node1','0.0','0.0'),('20141129130201','eth3','0','0','node1','0.0','0.0'),('20141129130201','eth4','0','0','node1','0.0','0.0'),('20141129130201','eth5','0','0','node1','0.0','0.0'),('20141129130201','lo','99494','99494','node1','0.0517578125','0.0517578125'),('20141129130301','bond0','0','0','node1','0.0','0.0'),('20141129130301','eth0','1076827','2201981','node1','0.306640625','0.359375'),('20141129130301','eth1','0','0','node1','0.0','0.0'),('20141129130301','eth2','0','0','node1','0.0','0.0'),('20141129130301','eth3','0','0','node1','0.0','0.0'),('20141129130301','eth4','0','0','node1','0.0','0.0'),('20141129130301','eth5','0','0','node1','0.0','0.0'),('20141129130301','lo','101600','101600','node1','0.0341796875','0.0341796875'),('20141129130402','bond0','0','0','node1','0.0','0.0'),('20141129130402','eth0','1093710','2202877','node1','0.26953125','0.013671875'),('20141129130402','eth1','0','0','node1','0.0','0.0'),('20141129130402','eth2','0','0','node1','0.0','0.0'),('20141129130402','eth3','0','0','node1','0.0','0.0'),('20141129130402','eth4','0','0','node1','0.0','0.0'),('20141129130402','eth5','0','0','node1','0.0','0.0'),('20141129130402','lo','103360','103360','node1','0.02734375','0.02734375'),('20141129130501','bond0','0','0','node1','0.0','0.0'),('20141129130501','eth0','1107892','2203559','node1','0.234375','0.0107421875'),('20141129130501','eth1','0','0','node1','0.0','0.0'),('20141129130501','eth2','0','0','node1','0.0','0.0'),('20141129130501','eth3','0','0','node1','0.0','0.0'),('20141129130501','eth4','0','0','node1','0.0','0.0'),('20141129130501','eth5','0','0','node1','0.0','0.0'),('20141129130501','lo','105196','105196','node1','0.0302734375','0.0302734375'),('20141129130601','bond0','0','0','node1','0.0','0.0'),('20141129130601','eth0','1123009','2204375','node1','0.2451171875','0.0126953125'),('20141129130601','eth1','0','0','node1','0.0','0.0'),('20141129130601','eth2','0','0','node1','0.0','0.0'),('20141129130601','eth3','0','0','node1','0.0','0.0'),('20141129130601','eth4','0','0','node1','0.0','0.0'),('20141129130601','eth5','0','0','node1','0.0','0.0'),('20141129130601','lo','107036','107036','node1','0.029296875','0.029296875'),('20141129130701','bond0','0','0','node1','0.0','0.0'),('20141129130701','eth0','1145953','2205363','node1','0.373046875','0.015625'),('20141129130701','eth1','0','0','node1','0.0','0.0'),('20141129130701','eth2','0','0','node1','0.0','0.0'),('20141129130701','eth3','0','0','node1','0.0','0.0'),('20141129130701','eth4','0','0','node1','0.0','0.0'),('20141129130701','eth5','0','0','node1','0.0','0.0'),('20141129130701','lo','108880','108880','node1','0.029296875','0.029296875'),('20141129130801','bond0','0','0','node1','0.0','0.0'),('20141129130801','eth0','1160246','2205999','node1','0.232421875','0.009765625'),('20141129130801','eth1','0','0','node1','0.0','0.0'),('20141129130801','eth2','0','0','node1','0.0','0.0'),('20141129130801','eth3','0','0','node1','0.0','0.0'),('20141129130801','eth4','0','0','node1','0.0','0.0'),('20141129130801','eth5','0','0','node1','0.0','0.0'),('20141129130801','lo','111150','111150','node1','0.0361328125','0.0361328125'),('20141129130901','bond0','0','0','node1','0.0','0.0'),('20141129130901','eth0','1177545','2206681','node1','0.28125','0.0107421875'),('20141129130901','eth1','0','0','node1','0.0','0.0'),('20141129130901','eth2','0','0','node1','0.0','0.0'),('20141129130901','eth3','0','0','node1','0.0','0.0'),('20141129130901','eth4','0','0','node1','0.0','0.0'),('20141129130901','eth5','0','0','node1','0.0','0.0'),('20141129130901','lo','113070','113070','node1','0.03125','0.03125'),('20141129131001','bond0','0','0','node1','0.0','0.0'),('20141129131001','eth0','1193790','2207317','node1','0.263671875','0.009765625'),('20141129131001','eth1','0','0','node1','0.0','0.0'),('20141129131001','eth2','0','0','node1','0.0','0.0'),('20141129131001','eth3','0','0','node1','0.0','0.0'),('20141129131001','eth4','0','0','node1','0.0','0.0'),('20141129131001','eth5','0','0','node1','0.0','0.0'),('20141129131001','lo','114830','114830','node1','0.0283203125','0.0283203125'),('20141129131102','bond0','0','0','node1','0.0','0.0'),('20141129131102','eth0','1207146','2208439','node1','0.212890625','0.017578125'),('20141129131102','eth1','0','0','node1','0.0','0.0'),('20141129131102','eth2','0','0','node1','0.0','0.0'),('20141129131102','eth3','0','0','node1','0.0','0.0'),('20141129131102','eth4','0','0','node1','0.0','0.0'),('20141129131102','eth5','0','0','node1','0.0','0.0'),('20141129131102','lo','116914','116914','node1','0.033203125','0.033203125'),('20141129131201','bond0','0','0','node1','0.0','0.0'),('20141129131201','eth0','1221444','2209075','node1','0.236328125','0.009765625'),('20141129131201','eth1','0','0','node1','0.0','0.0'),('20141129131201','eth2','0','0','node1','0.0','0.0'),('20141129131201','eth3','0','0','node1','0.0','0.0'),('20141129131201','eth4','0','0','node1','0.0','0.0'),('20141129131201','eth5','0','0','node1','0.0','0.0'),('20141129131201','lo','120030','120030','node1','0.05078125','0.05078125'),('20141129131301','bond0','0','0','node1','0.0','0.0'),('20141129131301','eth0','1239022','2209711','node1','0.28515625','0.009765625'),('20141129131301','eth1','0','0','node1','0.0','0.0'),('20141129131301','eth2','0','0','node1','0.0','0.0'),('20141129131301','eth3','0','0','node1','0.0','0.0'),('20141129131301','eth4','0','0','node1','0.0','0.0'),('20141129131301','eth5','0','0','node1','0.0','0.0'),('20141129131301','lo','122296','122296','node1','0.0361328125','0.0361328125'),('20141129131401','bond0','0','0','node1','0.0','0.0'),('20141129131401','eth0','1253597','2210347','node1','0.236328125','0.009765625'),('20141129131401','eth1','0','0','node1','0.0','0.0'),('20141129131401','eth2','0','0','node1','0.0','0.0'),('20141129131401','eth3','0','0','node1','0.0','0.0'),('20141129131401','eth4','0','0','node1','0.0','0.0'),('20141129131401','eth5','0','0','node1','0.0','0.0'),('20141129131401','lo','124786','124786','node1','0.0400390625','0.0400390625'),('20141129131501','bond0','0','0','node1','0.0','0.0'),('20141129131501','eth0','1269518','2210983','node1','0.2587890625','0.009765625'),('20141129131501','eth1','0','0','node1','0.0','0.0'),('20141129131501','eth2','0','0','node1','0.0','0.0'),('20141129131501','eth3','0','0','node1','0.0','0.0'),('20141129131501','eth4','0','0','node1','0.0','0.0'),('20141129131501','eth5','0','0','node1','0.0','0.0'),('20141129131501','lo','126862','126862','node1','0.033203125','0.033203125'),('20141129131601','bond0','0','0','node1','0.0','0.0'),('20141129131601','eth0','1284432','2212013','node1','0.2421875','0.0166015625'),('20141129131601','eth1','0','0','node1','0.0','0.0'),('20141129131601','eth2','0','0','node1','0.0','0.0'),('20141129131601','eth3','0','0','node1','0.0','0.0'),('20141129131601','eth4','0','0','node1','0.0','0.0'),('20141129131601','eth5','0','0','node1','0.0','0.0'),('20141129131601','lo','128618','128618','node1','0.0283203125','0.0283203125'),('20141129131701','bond0','0','0','node1','0.0','0.0'),('20141129131701','eth0','1300266','2212649','node1','0.2568359375','0.009765625'),('20141129131701','eth1','0','0','node1','0.0','0.0'),('20141129131701','eth2','0','0','node1','0.0','0.0'),('20141129131701','eth3','0','0','node1','0.0','0.0'),('20141129131701','eth4','0','0','node1','0.0','0.0'),('20141129131701','eth5','0','0','node1','0.0','0.0'),('20141129131701','lo','130610','130610','node1','0.0322265625','0.0322265625'),('20141129131801','bond0','0','0','node1','0.0','0.0'),('20141129131801','eth0','1315968','2217561','node1','0.2548828125','0.0791015625'),('20141129131801','eth1','0','0','node1','0.0','0.0'),('20141129131801','eth2','0','0','node1','0.0','0.0'),('20141129131801','eth3','0','0','node1','0.0','0.0'),('20141129131801','eth4','0','0','node1','0.0','0.0'),('20141129131801','eth5','0','0','node1','0.0','0.0'),('20141129131801','lo','132880','132880','node1','0.0361328125','0.0361328125'),('20141129131901','bond0','0','0','node1','0.0','0.0'),('20141129131901','eth0','1328631','2218243','node1','0.2060546875','0.0107421875'),('20141129131901','eth1','0','0','node1','0.0','0.0'),('20141129131901','eth2','0','0','node1','0.0','0.0'),('20141129131901','eth3','0','0','node1','0.0','0.0'),('20141129131901','eth4','0','0','node1','0.0','0.0'),('20141129131901','eth5','0','0','node1','0.0','0.0'),('20141129131901','lo','134712','134712','node1','0.029296875','0.029296875'),('20141129132001','bond0','0','0','node1','0.0','0.0'),('20141129132001','eth0','1343458','2218879','node1','0.2412109375','0.009765625'),('20141129132001','eth1','0','0','node1','0.0','0.0'),('20141129132001','eth2','0','0','node1','0.0','0.0'),('20141129132001','eth3','0','0','node1','0.0','0.0'),('20141129132001','eth4','0','0','node1','0.0','0.0'),('20141129132001','eth5','0','0','node1','0.0','0.0'),('20141129132001','lo','136624','136624','node1','0.0302734375','0.0302734375'),('20141129132101','bond0','0','0','node1','0.0','0.0'),('20141129132101','eth0','1359611','2219695','node1','0.2626953125','0.0126953125'),('20141129132101','eth1','0','0','node1','0.0','0.0'),('20141129132101','eth2','0','0','node1','0.0','0.0'),('20141129132101','eth3','0','0','node1','0.0','0.0'),('20141129132101','eth4','0','0','node1','0.0','0.0'),('20141129132101','eth5','0','0','node1','0.0','0.0'),('20141129132101','lo','138952','138952','node1','0.037109375','0.037109375'),('20141129132201','bond0','0','0','node1','0.0','0.0'),('20141129132201','eth0','1370675','2220591','node1','0.1796875','0.013671875'),('20141129132201','eth1','0','0','node1','0.0','0.0'),('20141129132201','eth2','0','0','node1','0.0','0.0'),('20141129132201','eth3','0','0','node1','0.0','0.0'),('20141129132201','eth4','0','0','node1','0.0','0.0'),('20141129132201','eth5','0','0','node1','0.0','0.0'),('20141129132201','lo','141284','141284','node1','0.037109375','0.037109375'),('20141129132301','bond0','0','0','node1','0.0','0.0'),('20141129132301','eth0','1385099','2221227','node1','0.234375','0.009765625'),('20141129132301','eth1','0','0','node1','0.0','0.0'),('20141129132301','eth2','0','0','node1','0.0','0.0'),('20141129132301','eth3','0','0','node1','0.0','0.0'),('20141129132301','eth4','0','0','node1','0.0','0.0'),('20141129132301','eth5','0','0','node1','0.0','0.0'),('20141129132301','lo','143550','143550','node1','0.0361328125','0.0361328125'),('20141129132401','bond0','0','0','node1','0.0','0.0'),('20141129132401','eth0','1395796','2221863','node1','0.173828125','0.009765625'),('20141129132401','eth1','0','0','node1','0.0','0.0'),('20141129132401','eth2','0','0','node1','0.0','0.0'),('20141129132401','eth3','0','0','node1','0.0','0.0'),('20141129132401','eth4','0','0','node1','0.0','0.0'),('20141129132401','eth5','0','0','node1','0.0','0.0'),('20141129132401','lo','145306','145306','node1','0.0283203125','0.0283203125'),('20141129132501','bond0','0','0','node1','0.0','0.0'),('20141129132501','eth0','1410066','2222499','node1','0.2314453125','0.009765625'),('20141129132501','eth1','0','0','node1','0.0','0.0'),('20141129132501','eth2','0','0','node1','0.0','0.0'),('20141129132501','eth3','0','0','node1','0.0','0.0'),('20141129132501','eth4','0','0','node1','0.0','0.0'),('20141129132501','eth5','0','0','node1','0.0','0.0'),('20141129132501','lo','147226','147226','node1','0.03125','0.03125'),('20141129132601','bond0','0','0','node1','0.0','0.0'),('20141129132601','eth0','1425094','2223315','node1','0.244140625','0.0126953125'),('20141129132601','eth1','0','0','node1','0.0','0.0'),('20141129132601','eth2','0','0','node1','0.0','0.0'),('20141129132601','eth3','0','0','node1','0.0','0.0'),('20141129132601','eth4','0','0','node1','0.0','0.0'),('20141129132601','eth5','0','0','node1','0.0','0.0'),('20141129132601','lo','150024','150024','node1','0.044921875','0.044921875'),('20141129132701','bond0','0','0','node1','0.0','0.0'),('20141129132701','eth0','1438447','2223951','node1','0.216796875','0.009765625'),('20141129132701','eth1','0','0','node1','0.0','0.0'),('20141129132701','eth2','0','0','node1','0.0','0.0'),('20141129132701','eth3','0','0','node1','0.0','0.0'),('20141129132701','eth4','0','0','node1','0.0','0.0'),('20141129132701','eth5','0','0','node1','0.0','0.0'),('20141129132701','lo','151780','151780','node1','0.0283203125','0.0283203125'),('20141129132801','bond0','0','0','node1','0.0','0.0'),('20141129132801','eth0','1456797','2224587','node1','0.2978515625','0.009765625'),('20141129132801','eth1','0','0','node1','0.0','0.0'),('20141129132801','eth2','0','0','node1','0.0','0.0'),('20141129132801','eth3','0','0','node1','0.0','0.0'),('20141129132801','eth4','0','0','node1','0.0','0.0'),('20141129132801','eth5','0','0','node1','0.0','0.0'),('20141129132801','lo','155150','155150','node1','0.0546875','0.0546875'),('20141129132901','bond0','0','0','node1','0.0','0.0'),('20141129132901','eth0','1471900','2225529','node1','0.2451171875','0.0146484375'),('20141129132901','eth1','0','0','node1','0.0','0.0'),('20141129132901','eth2','0','0','node1','0.0','0.0'),('20141129132901','eth3','0','0','node1','0.0','0.0'),('20141129132901','eth4','0','0','node1','0.0','0.0'),('20141129132901','eth5','0','0','node1','0.0','0.0'),('20141129132901','lo','157578','157578','node1','0.0390625','0.0390625'),('20141129133002','bond0','0','0','node1','0.0','0.0'),('20141129133002','eth0','1487154','2226211','node1','0.244140625','0.0107421875'),('20141129133002','eth1','0','0','node1','0.0','0.0'),('20141129133002','eth2','0','0','node1','0.0','0.0'),('20141129133002','eth3','0','0','node1','0.0','0.0'),('20141129133002','eth4','0','0','node1','0.0','0.0'),('20141129133002','eth5','0','0','node1','0.0','0.0'),('20141129133002','lo','159494','159494','node1','0.0302734375','0.0302734375'),('20141129133101','bond0','0','0','node1','0.0','0.0'),('20141129133101','eth0','1501027','2226981','node1','0.2294921875','0.0126953125'),('20141129133101','eth1','0','0','node1','0.0','0.0'),('20141129133101','eth2','0','0','node1','0.0','0.0'),('20141129133101','eth3','0','0','node1','0.0','0.0'),('20141129133101','eth4','0','0','node1','0.0','0.0'),('20141129133101','eth5','0','0','node1','0.0','0.0'),('20141129133101','lo','161330','161330','node1','0.0302734375','0.0302734375'),('20141129133201','bond0','0','0','node1','0.0','0.0'),('20141129133201','eth0','1517138','2227709','node1','0.26171875','0.01171875'),('20141129133201','eth1','0','0','node1','0.0','0.0'),('20141129133201','eth2','0','0','node1','0.0','0.0'),('20141129133201','eth3','0','0','node1','0.0','0.0'),('20141129133201','eth4','0','0','node1','0.0','0.0'),('20141129133201','eth5','0','0','node1','0.0','0.0'),('20141129133201','lo','163090','163090','node1','0.0283203125','0.0283203125'),('20141129133302','bond0','0','0','node1','0.0','0.0'),('20141129133302','eth0','1533326','2228345','node1','0.2587890625','0.009765625'),('20141129133302','eth1','0','0','node1','0.0','0.0'),('20141129133302','eth2','0','0','node1','0.0','0.0'),('20141129133302','eth3','0','0','node1','0.0','0.0'),('20141129133302','eth4','0','0','node1','0.0','0.0'),('20141129133302','eth5','0','0','node1','0.0','0.0'),('20141129133302','lo','165360','165360','node1','0.0361328125','0.0361328125'),('20141129133401','bond0','0','0','node1','0.0','0.0'),('20141129133401','eth0','1550461','2229027','node1','0.283203125','0.0107421875'),('20141129133401','eth1','0','0','node1','0.0','0.0'),('20141129133401','eth2','0','0','node1','0.0','0.0'),('20141129133401','eth3','0','0','node1','0.0','0.0'),('20141129133401','eth4','0','0','node1','0.0','0.0'),('20141129133401','eth5','0','0','node1','0.0','0.0'),('20141129133401','lo','167280','167280','node1','0.03125','0.03125'),('20141129133501','bond0','0','0','node1','0.0','0.0'),('20141129133501','eth0','1564281','2229663','node1','0.224609375','0.009765625'),('20141129133501','eth1','0','0','node1','0.0','0.0'),('20141129133501','eth2','0','0','node1','0.0','0.0'),('20141129133501','eth3','0','0','node1','0.0','0.0'),('20141129133501','eth4','0','0','node1','0.0','0.0'),('20141129133501','eth5','0','0','node1','0.0','0.0'),('20141129133501','lo','169200','169200','node1','0.03125','0.03125'),('20141129133601','bond0','0','0','node1','0.0','0.0'),('20141129133601','eth0','1578492','2230479','node1','0.23046875','0.0126953125'),('20141129133601','eth1','0','0','node1','0.0','0.0'),('20141129133601','eth2','0','0','node1','0.0','0.0'),('20141129133601','eth3','0','0','node1','0.0','0.0'),('20141129133601','eth4','0','0','node1','0.0','0.0'),('20141129133601','eth5','0','0','node1','0.0','0.0'),('20141129133601','lo','171040','171040','node1','0.029296875','0.029296875'),('20141129133701','bond0','0','0','node1','0.0','0.0'),('20141129133701','eth0','1591431','2231375','node1','0.2099609375','0.013671875'),('20141129133701','eth1','0','0','node1','0.0','0.0'),('20141129133701','eth2','0','0','node1','0.0','0.0'),('20141129133701','eth3','0','0','node1','0.0','0.0'),('20141129133701','eth4','0','0','node1','0.0','0.0'),('20141129133701','eth5','0','0','node1','0.0','0.0'),('20141129133701','lo','172960','172960','node1','0.03125','0.03125'),('20141129133801','bond0','0','0','node1','0.0','0.0'),('20141129133801','eth0','1610583','2232057','node1','0.3115234375','0.0107421875'),('20141129133801','eth1','0','0','node1','0.0','0.0'),('20141129133801','eth2','0','0','node1','0.0','0.0'),('20141129133801','eth3','0','0','node1','0.0','0.0'),('20141129133801','eth4','0','0','node1','0.0','0.0'),('20141129133801','eth5','0','0','node1','0.0','0.0'),('20141129133801','lo','176226','176226','node1','0.052734375','0.052734375'),('20141129133901','bond0','0','0','node1','0.0','0.0'),('20141129133901','eth0','1622190','2232693','node1','0.1884765625','0.009765625'),('20141129133901','eth1','0','0','node1','0.0','0.0'),('20141129133901','eth2','0','0','node1','0.0','0.0'),('20141129133901','eth3','0','0','node1','0.0','0.0'),('20141129133901','eth4','0','0','node1','0.0','0.0'),('20141129133901','eth5','0','0','node1','0.0','0.0'),('20141129133901','lo','178218','178218','node1','0.0322265625','0.0322265625'),('20141129134002','bond0','0','0','node1','0.0','0.0'),('20141129134002','eth0','1638124','2233329','node1','0.2548828125','0.009765625'),('20141129134002','eth1','0','0','node1','0.0','0.0'),('20141129134002','eth2','0','0','node1','0.0','0.0'),('20141129134002','eth3','0','0','node1','0.0','0.0'),('20141129134002','eth4','0','0','node1','0.0','0.0'),('20141129134002','eth5','0','0','node1','0.0','0.0'),('20141129134002','lo','180138','180138','node1','0.0302734375','0.0302734375'),('20141129134101','bond0','0','0','node1','0.0','0.0'),('20141129134101','eth0','1657462','2234099','node1','0.3193359375','0.0126953125'),('20141129134101','eth1','0','0','node1','0.0','0.0'),('20141129134101','eth2','0','0','node1','0.0','0.0'),('20141129134101','eth3','0','0','node1','0.0','0.0'),('20141129134101','eth4','0','0','node1','0.0','0.0'),('20141129134101','eth5','0','0','node1','0.0','0.0'),('20141129134101','lo','182218','182218','node1','0.0341796875','0.0341796875'),('20141129134202','bond0','0','0','node1','0.0','0.0'),('20141129134202','eth0','1676435','2234781','node1','0.3037109375','0.0107421875'),('20141129134202','eth1','0','0','node1','0.0','0.0'),('20141129134202','eth2','0','0','node1','0.0','0.0'),('20141129134202','eth3','0','0','node1','0.0','0.0'),('20141129134202','eth4','0','0','node1','0.0','0.0'),('20141129134202','eth5','0','0','node1','0.0','0.0'),('20141129134202','lo','185450','185450','node1','0.05078125','0.05078125'),('20141129134301','bond0','0','0','node1','0.0','0.0'),('20141129134301','eth0','1695790','2235417','node1','0.3203125','0.009765625'),('20141129134301','eth1','0','0','node1','0.0','0.0'),('20141129134301','eth2','0','0','node1','0.0','0.0'),('20141129134301','eth3','0','0','node1','0.0','0.0'),('20141129134301','eth4','0','0','node1','0.0','0.0'),('20141129134301','eth5','0','0','node1','0.0','0.0'),('20141129134301','lo','187300','187300','node1','0.0302734375','0.0302734375'),('20141129134401','bond0','0','0','node1','0.0','0.0'),('20141129134401','eth0','1711886','2236099','node1','0.26171875','0.0107421875'),('20141129134401','eth1','0','0','node1','0.0','0.0'),('20141129134401','eth2','0','0','node1','0.0','0.0'),('20141129134401','eth3','0','0','node1','0.0','0.0'),('20141129134401','eth4','0','0','node1','0.0','0.0'),('20141129134401','eth5','0','0','node1','0.0','0.0'),('20141129134401','lo','189220','189220','node1','0.03125','0.03125'),('20141129134501','bond0','0','0','node1','0.0','0.0'),('20141129134501','eth0','1723347','2236735','node1','0.1865234375','0.009765625'),('20141129134501','eth1','0','0','node1','0.0','0.0'),('20141129134501','eth2','0','0','node1','0.0','0.0'),('20141129134501','eth3','0','0','node1','0.0','0.0'),('20141129134501','eth4','0','0','node1','0.0','0.0'),('20141129134501','eth5','0','0','node1','0.0','0.0'),('20141129134501','lo','192432','192432','node1','0.0517578125','0.0517578125'),('20141129134601','bond0','0','0','node1','0.0','0.0'),('20141129134601','eth0','1736699','2237811','node1','0.216796875','0.0166015625'),('20141129134601','eth1','0','0','node1','0.0','0.0'),('20141129134601','eth2','0','0','node1','0.0','0.0'),('20141129134601','eth3','0','0','node1','0.0','0.0'),('20141129134601','eth4','0','0','node1','0.0','0.0'),('20141129134601','eth5','0','0','node1','0.0','0.0'),('20141129134601','lo','194352','194352','node1','0.03125','0.03125'),('20141129134701','bond0','0','0','node1','0.0','0.0'),('20141129134701','eth0','1746371','2238493','node1','0.1572265625','0.0107421875'),('20141129134701','eth1','0','0','node1','0.0','0.0'),('20141129134701','eth2','0','0','node1','0.0','0.0'),('20141129134701','eth3','0','0','node1','0.0','0.0'),('20141129134701','eth4','0','0','node1','0.0','0.0'),('20141129134701','eth5','0','0','node1','0.0','0.0'),('20141129134701','lo','196424','196424','node1','0.033203125','0.033203125'),('20141129134801','bond0','0','0','node1','0.0','0.0'),('20141129134801','eth0','1764721','2239175','node1','0.2978515625','0.0107421875'),('20141129134801','eth1','0','0','node1','0.0','0.0'),('20141129134801','eth2','0','0','node1','0.0','0.0'),('20141129134801','eth3','0','0','node1','0.0','0.0'),('20141129134801','eth4','0','0','node1','0.0','0.0'),('20141129134801','eth5','0','0','node1','0.0','0.0'),('20141129134801','lo','199908','199908','node1','0.056640625','0.056640625'),('20141129134902','bond0','0','0','node1','0.0','0.0'),('20141129134902','eth0','1775772','2239811','node1','0.1767578125','0.009765625'),('20141129134902','eth1','0','0','node1','0.0','0.0'),('20141129134902','eth2','0','0','node1','0.0','0.0'),('20141129134902','eth3','0','0','node1','0.0','0.0'),('20141129134902','eth4','0','0','node1','0.0','0.0'),('20141129134902','eth5','0','0','node1','0.0','0.0'),('20141129134902','lo','201824','201824','node1','0.0302734375','0.0302734375'),('20141129135001','bond0','0','0','node1','0.0','0.0'),('20141129135001','eth0','1786942','2240539','node1','0.1845703125','0.01171875'),('20141129135001','eth1','0','0','node1','0.0','0.0'),('20141129135001','eth2','0','0','node1','0.0','0.0'),('20141129135001','eth3','0','0','node1','0.0','0.0'),('20141129135001','eth4','0','0','node1','0.0','0.0'),('20141129135001','eth5','0','0','node1','0.0','0.0'),('20141129135001','lo','203736','203736','node1','0.03125','0.03125'),('20141129135101','bond0','0','0','node1','0.0','0.0'),('20141129135101','eth0','1818058','2241313','node1','0.505859375','0.01171875'),('20141129135101','eth1','0','0','node1','0.0','0.0'),('20141129135101','eth2','0','0','node1','0.0','0.0'),('20141129135101','eth3','0','0','node1','0.0','0.0'),('20141129135101','eth4','0','0','node1','0.0','0.0'),('20141129135101','eth5','0','0','node1','0.0','0.0'),('20141129135101','lo','205576','205576','node1','0.029296875','0.029296875'),('20141129135202','bond0','0','0','node1','0.0','0.0'),('20141129135202','eth0','1845286','2242037','node1','0.435546875','0.0107421875'),('20141129135202','eth1','0','0','node1','0.0','0.0'),('20141129135202','eth2','0','0','node1','0.0','0.0'),('20141129135202','eth3','0','0','node1','0.0','0.0'),('20141129135202','eth4','0','0','node1','0.0','0.0'),('20141129135202','eth5','0','0','node1','0.0','0.0'),('20141129135202','lo','207836','207836','node1','0.0361328125','0.0361328125'),('20141129135301','bond0','0','0','node1','0.0','0.0'),('20141129135301','eth0','1866849','2242673','node1','0.3564453125','0.009765625'),('20141129135301','eth1','0','0','node1','0.0','0.0'),('20141129135301','eth2','0','0','node1','0.0','0.0'),('20141129135301','eth3','0','0','node1','0.0','0.0'),('20141129135301','eth4','0','0','node1','0.0','0.0'),('20141129135301','eth5','0','0','node1','0.0','0.0'),('20141129135301','lo','210300','210300','node1','0.0400390625','0.0400390625'),('20141129135401','bond0','0','0','node1','0.0','0.0'),('20141129135401','eth0','1895555','2243447','node1','0.466796875','0.01171875'),('20141129135401','eth1','0','0','node1','0.0','0.0'),('20141129135401','eth2','0','0','node1','0.0','0.0'),('20141129135401','eth3','0','0','node1','0.0','0.0'),('20141129135401','eth4','0','0','node1','0.0','0.0'),('20141129135401','eth5','0','0','node1','0.0','0.0'),('20141129135401','lo','212288','212288','node1','0.0322265625','0.0322265625'),('20141129135501','bond0','0','0','node1','0.0','0.0'),('20141129135501','eth0','1915801','2244129','node1','0.3291015625','0.0107421875'),('20141129135501','eth1','0','0','node1','0.0','0.0'),('20141129135501','eth2','0','0','node1','0.0','0.0'),('20141129135501','eth3','0','0','node1','0.0','0.0'),('20141129135501','eth4','0','0','node1','0.0','0.0'),('20141129135501','eth5','0','0','node1','0.0','0.0'),('20141129135501','lo','214208','214208','node1','0.03125','0.03125'),('20141129135601','bond0','0','0','node1','0.0','0.0'),('20141129135601','eth0','1936941','2245117','node1','0.34375','0.015625'),('20141129135601','eth1','0','0','node1','0.0','0.0'),('20141129135601','eth2','0','0','node1','0.0','0.0'),('20141129135601','eth3','0','0','node1','0.0','0.0'),('20141129135601','eth4','0','0','node1','0.0','0.0'),('20141129135601','eth5','0','0','node1','0.0','0.0'),('20141129135601','lo','216128','216128','node1','0.03125','0.03125'),('20141129135701','bond0','0','0','node1','0.0','0.0'),('20141129135701','eth0','1957636','2245979','node1','0.3359375','0.013671875'),('20141129135701','eth1','0','0','node1','0.0','0.0'),('20141129135701','eth2','0','0','node1','0.0','0.0'),('20141129135701','eth3','0','0','node1','0.0','0.0'),('20141129135701','eth4','0','0','node1','0.0','0.0'),('20141129135701','eth5','0','0','node1','0.0','0.0'),('20141129135701','lo','217968','217968','node1','0.029296875','0.029296875'),('20141129135801','bond0','0','0','node1','0.0','0.0'),('20141129135801','eth0','1984774','2246661','node1','0.44140625','0.0107421875'),('20141129135801','eth1','0','0','node1','0.0','0.0'),('20141129135801','eth2','0','0','node1','0.0','0.0'),('20141129135801','eth3','0','0','node1','0.0','0.0'),('20141129135801','eth4','0','0','node1','0.0','0.0'),('20141129135801','eth5','0','0','node1','0.0','0.0'),('20141129135801','lo','220360','220360','node1','0.0380859375','0.0380859375'),('20141129135901','bond0','0','0','node1','0.0','0.0'),('20141129135901','eth0','2004523','2247297','node1','0.3212890625','0.009765625'),('20141129135901','eth1','0','0','node1','0.0','0.0'),('20141129135901','eth2','0','0','node1','0.0','0.0'),('20141129135901','eth3','0','0','node1','0.0','0.0'),('20141129135901','eth4','0','0','node1','0.0','0.0'),('20141129135901','eth5','0','0','node1','0.0','0.0'),('20141129135901','lo','222280','222280','node1','0.03125','0.03125'),('20141129140001','bond0','0','0','node1','0.0','0.0'),('20141129140001','eth0','2015108','2247933','node1','0.171875','0.009765625'),('20141129140001','eth1','0','0','node1','0.0','0.0'),('20141129140001','eth2','0','0','node1','0.0','0.0'),('20141129140001','eth3','0','0','node1','0.0','0.0'),('20141129140001','eth4','0','0','node1','0.0','0.0'),('20141129140001','eth5','0','0','node1','0.0','0.0'),('20141129140001','lo','224276','224276','node1','0.0322265625','0.0322265625'),('20141129140102','bond0','0','0','node1','0.0','0.0'),('20141129140102','eth0','2039982','2248615','node1','0.3974609375','0.0107421875'),('20141129140102','eth1','0','0','node1','0.0','0.0'),('20141129140102','eth2','0','0','node1','0.0','0.0'),('20141129140102','eth3','0','0','node1','0.0','0.0'),('20141129140102','eth4','0','0','node1','0.0','0.0'),('20141129140102','eth5','0','0','node1','0.0','0.0'),('20141129140102','lo','226554','226554','node1','0.0361328125','0.0361328125'),('20141129140201','bond0','0','0','node1','0.0','0.0'),('20141129140201','eth0','2061519','2249385','node1','0.3564453125','0.0126953125'),('20141129140201','eth1','0','0','node1','0.0','0.0'),('20141129140201','eth2','0','0','node1','0.0','0.0'),('20141129140201','eth3','0','0','node1','0.0','0.0'),('20141129140201','eth4','0','0','node1','0.0','0.0'),('20141129140201','eth5','0','0','node1','0.0','0.0'),('20141129140201','lo','231054','231054','node1','0.07421875','0.07421875'),('20141129140301','bond0','0','0','node1','0.0','0.0'),('20141129140301','eth0','2090847','2250067','node1','0.4765625','0.0107421875'),('20141129140301','eth1','0','0','node1','0.0','0.0'),('20141129140301','eth2','0','0','node1','0.0','0.0'),('20141129140301','eth3','0','0','node1','0.0','0.0'),('20141129140301','eth4','0','0','node1','0.0','0.0'),('20141129140301','eth5','0','0','node1','0.0','0.0'),('20141129140301','lo','233922','233922','node1','0.0458984375','0.0458984375'),('20141129140402','bond0','0','0','node1','0.0','0.0'),('20141129140402','eth0','2104778','2250703','node1','0.22265625','0.009765625'),('20141129140402','eth1','0','0','node1','0.0','0.0'),('20141129140402','eth2','0','0','node1','0.0','0.0'),('20141129140402','eth3','0','0','node1','0.0','0.0'),('20141129140402','eth4','0','0','node1','0.0','0.0'),('20141129140402','eth5','0','0','node1','0.0','0.0'),('20141129140402','lo','235988','235988','node1','0.0322265625','0.0322265625'),('20141129140501','bond0','0','0','node1','0.0','0.0'),('20141129140501','eth0','2119044','2251431','node1','0.2353515625','0.01171875'),('20141129140501','eth1','0','0','node1','0.0','0.0'),('20141129140501','eth2','0','0','node1','0.0','0.0'),('20141129140501','eth3','0','0','node1','0.0','0.0'),('20141129140501','eth4','0','0','node1','0.0','0.0'),('20141129140501','eth5','0','0','node1','0.0','0.0'),('20141129140501','lo','237808','237808','node1','0.029296875','0.029296875'),('20141129140601','bond0','0','0','node1','0.0','0.0'),('20141129140601','eth0','2133395','2252067','node1','0.2333984375','0.009765625'),('20141129140601','eth1','0','0','node1','0.0','0.0'),('20141129140601','eth2','0','0','node1','0.0','0.0'),('20141129140601','eth3','0','0','node1','0.0','0.0'),('20141129140601','eth4','0','0','node1','0.0','0.0'),('20141129140601','eth5','0','0','node1','0.0','0.0'),('20141129140601','lo','239800','239800','node1','0.0322265625','0.0322265625'),('20141129140701','bond0','0','0','node1','0.0','0.0'),('20141129140701','eth0','2148494','2253097','node1','0.2451171875','0.0166015625'),('20141129140701','eth1','0','0','node1','0.0','0.0'),('20141129140701','eth2','0','0','node1','0.0','0.0'),('20141129140701','eth3','0','0','node1','0.0','0.0'),('20141129140701','eth4','0','0','node1','0.0','0.0'),('20141129140701','eth5','0','0','node1','0.0','0.0'),('20141129140701','lo','242178','242178','node1','0.0380859375','0.0380859375'),('20141129140801','bond0','0','0','node1','0.0','0.0'),('20141129140801','eth0','2165623','2253733','node1','0.2783203125','0.009765625'),('20141129140801','eth1','0','0','node1','0.0','0.0'),('20141129140801','eth2','0','0','node1','0.0','0.0'),('20141129140801','eth3','0','0','node1','0.0','0.0'),('20141129140801','eth4','0','0','node1','0.0','0.0'),('20141129140801','eth5','0','0','node1','0.0','0.0'),('20141129140801','lo','245108','245108','node1','0.046875','0.046875'),('20141129140901','bond0','0','0','node1','0.0','0.0'),('20141129140901','eth0','2180048','2254461','node1','0.234375','0.01171875'),('20141129140901','eth1','0','0','node1','0.0','0.0'),('20141129140901','eth2','0','0','node1','0.0','0.0'),('20141129140901','eth3','0','0','node1','0.0','0.0'),('20141129140901','eth4','0','0','node1','0.0','0.0'),('20141129140901','eth5','0','0','node1','0.0','0.0'),('20141129140901','lo','247269','247269','node1','0.03515625','0.03515625'),('20141129141001','bond0','0','0','node1','0.0','0.0'),('20141129141001','eth0','2200142','2255097','node1','0.326171875','0.009765625'),('20141129141001','eth1','0','0','node1','0.0','0.0'),('20141129141001','eth2','0','0','node1','0.0','0.0'),('20141129141001','eth3','0','0','node1','0.0','0.0'),('20141129141001','eth4','0','0','node1','0.0','0.0'),('20141129141001','eth5','0','0','node1','0.0','0.0'),('20141129141001','lo','249430','249430','node1','0.03515625','0.03515625'),('20141129141101','bond0','0','0','node1','0.0','0.0'),('20141129141101','eth0','2220097','2255733','node1','0.32421875','0.009765625'),('20141129141101','eth1','0','0','node1','0.0','0.0'),('20141129141101','eth2','0','0','node1','0.0','0.0'),('20141129141101','eth3','0','0','node1','0.0','0.0'),('20141129141101','eth4','0','0','node1','0.0','0.0'),('20141129141101','eth5','0','0','node1','0.0','0.0'),('20141129141101','lo','251346','251346','node1','0.0302734375','0.0302734375'),('20141129141201','bond0','0','0','node1','0.0','0.0'),('20141129141201','eth0','2232079','2256503','node1','0.1943359375','0.01171875'),('20141129141201','eth1','0','0','node1','0.0','0.0'),('20141129141201','eth2','0','0','node1','0.0','0.0'),('20141129141201','eth3','0','0','node1','0.0','0.0'),('20141129141201','eth4','0','0','node1','0.0','0.0'),('20141129141201','eth5','0','0','node1','0.0','0.0'),('20141129141201','lo','253492','253492','node1','0.0341796875','0.0341796875'),('20141129141301','bond0','0','0','node1','0.0','0.0'),('20141129141301','eth0','2246569','2257231','node1','0.2353515625','0.01171875'),('20141129141301','eth1','0','0','node1','0.0','0.0'),('20141129141301','eth2','0','0','node1','0.0','0.0'),('20141129141301','eth3','0','0','node1','0.0','0.0'),('20141129141301','eth4','0','0','node1','0.0','0.0'),('20141129141301','eth5','0','0','node1','0.0','0.0'),('20141129141301','lo','256132','256132','node1','0.04296875','0.04296875'),('20141129141402','bond0','0','0','node1','0.0','0.0'),('20141129141402','eth0','2262349','2257913','node1','0.251953125','0.0107421875'),('20141129141402','eth1','0','0','node1','0.0','0.0'),('20141129141402','eth2','0','0','node1','0.0','0.0'),('20141129141402','eth3','0','0','node1','0.0','0.0'),('20141129141402','eth4','0','0','node1','0.0','0.0'),('20141129141402','eth5','0','0','node1','0.0','0.0'),('20141129141402','lo','257964','257964','node1','0.029296875','0.029296875'),('20141129141501','bond0','0','0','node1','0.0','0.0'),('20141129141501','eth0','2275605','2258549','node1','0.21875','0.009765625'),('20141129141501','eth1','0','0','node1','0.0','0.0'),('20141129141501','eth2','0','0','node1','0.0','0.0'),('20141129141501','eth3','0','0','node1','0.0','0.0'),('20141129141501','eth4','0','0','node1','0.0','0.0'),('20141129141501','eth5','0','0','node1','0.0','0.0'),('20141129141501','lo','259884','259884','node1','0.03125','0.03125'),('20141129141602','bond0','0','0','node1','0.0','0.0'),('20141129141602','eth0','2291285','2259185','node1','0.2509765625','0.009765625'),('20141129141602','eth1','0','0','node1','0.0','0.0'),('20141129141602','eth2','0','0','node1','0.0','0.0'),('20141129141602','eth3','0','0','node1','0.0','0.0'),('20141129141602','eth4','0','0','node1','0.0','0.0'),('20141129141602','eth5','0','0','node1','0.0','0.0'),('20141129141602','lo','261644','261644','node1','0.02734375','0.02734375'),('20141129141701','bond0','0','0','node1','0.0','0.0'),('20141129141701','eth0','2309243','2259955','node1','0.296875','0.0126953125'),('20141129141701','eth1','0','0','node1','0.0','0.0'),('20141129141701','eth2','0','0','node1','0.0','0.0'),('20141129141701','eth3','0','0','node1','0.0','0.0'),('20141129141701','eth4','0','0','node1','0.0','0.0'),('20141129141701','eth5','0','0','node1','0.0','0.0'),('20141129141701','lo','263488','263488','node1','0.0302734375','0.0302734375'),('20141129141801','bond0','0','0','node1','0.0','0.0'),('20141129141801','eth0','2323776','2260637','node1','0.236328125','0.0107421875'),('20141129141801','eth1','0','0','node1','0.0','0.0'),('20141129141801','eth2','0','0','node1','0.0','0.0'),('20141129141801','eth3','0','0','node1','0.0','0.0'),('20141129141801','eth4','0','0','node1','0.0','0.0'),('20141129141801','eth5','0','0','node1','0.0','0.0'),('20141129141801','lo','266618','266618','node1','0.05078125','0.05078125'),('20141129141901','bond0','0','0','node1','0.0','0.0'),('20141129141901','eth0','2341933','2294359','node1','0.294921875','0.548828125'),('20141129141901','eth1','0','0','node1','0.0','0.0'),('20141129141901','eth2','0','0','node1','0.0','0.0'),('20141129141901','eth3','0','0','node1','0.0','0.0'),('20141129141901','eth4','0','0','node1','0.0','0.0'),('20141129141901','eth5','0','0','node1','0.0','0.0'),('20141129141901','lo','269926','269926','node1','0.0537109375','0.0537109375'),('20141129142001','bond0','0','0','node1','0.0','0.0'),('20141129142001','eth0','2363502','2334057','node1','0.3505859375','0.6455078125'),('20141129142001','eth1','0','0','node1','0.0','0.0'),('20141129142001','eth2','0','0','node1','0.0','0.0'),('20141129142001','eth3','0','0','node1','0.0','0.0'),('20141129142001','eth4','0','0','node1','0.0','0.0'),('20141129142001','eth5','0','0','node1','0.0','0.0'),('20141129142001','lo','271922','271922','node1','0.0322265625','0.0322265625'),('20141129142101','bond0','0','0','node1','0.0','0.0'),('20141129142101','eth0','2376809','2343113','node1','0.2158203125','0.146484375'),('20141129142101','eth1','0','0','node1','0.0','0.0'),('20141129142101','eth2','0','0','node1','0.0','0.0'),('20141129142101','eth3','0','0','node1','0.0','0.0'),('20141129142101','eth4','0','0','node1','0.0','0.0'),('20141129142101','eth5','0','0','node1','0.0','0.0'),('20141129142101','lo','273762','273762','node1','0.029296875','0.029296875'),('20141129142201','bond0','0','0','node1','0.0','0.0'),('20141129142201','eth0','2390836','2343929','node1','0.2275390625','0.0126953125'),('20141129142201','eth1','0','0','node1','0.0','0.0'),('20141129142201','eth2','0','0','node1','0.0','0.0'),('20141129142201','eth3','0','0','node1','0.0','0.0'),('20141129142201','eth4','0','0','node1','0.0','0.0'),('20141129142201','eth5','0','0','node1','0.0','0.0'),('20141129142201','lo','275518','275518','node1','0.0283203125','0.0283203125'),('20141129142302','bond0','0','0','node1','0.0','0.0'),('20141129142302','eth0','2403088','2344611','node1','0.1953125','0.0107421875'),('20141129142302','eth1','0','0','node1','0.0','0.0'),('20141129142302','eth2','0','0','node1','0.0','0.0'),('20141129142302','eth3','0','0','node1','0.0','0.0'),('20141129142302','eth4','0','0','node1','0.0','0.0'),('20141129142302','eth5','0','0','node1','0.0','0.0'),('20141129142302','lo','279230','279230','node1','0.05859375','0.05859375'),('20141129142401','bond0','0','0','node1','0.0','0.0'),('20141129142401','eth0','2419294','2345247','node1','0.267578125','0.009765625'),('20141129142401','eth1','0','0','node1','0.0','0.0'),('20141129142401','eth2','0','0','node1','0.0','0.0'),('20141129142401','eth3','0','0','node1','0.0','0.0'),('20141129142401','eth4','0','0','node1','0.0','0.0'),('20141129142401','eth5','0','0','node1','0.0','0.0'),('20141129142401','lo','280986','280986','node1','0.0283203125','0.0283203125'),('20141129142501','bond0','0','0','node1','0.0','0.0'),('20141129142501','eth0','2432776','2345883','node1','0.21875','0.009765625'),('20141129142501','eth1','0','0','node1','0.0','0.0'),('20141129142501','eth2','0','0','node1','0.0','0.0'),('20141129142501','eth3','0','0','node1','0.0','0.0'),('20141129142501','eth4','0','0','node1','0.0','0.0'),('20141129142501','eth5','0','0','node1','0.0','0.0'),('20141129142501','lo','283040','283040','node1','0.033203125','0.033203125'),('20141129142601','bond0','0','0','node1','0.0','0.0'),('20141129142601','eth0','2442902','2346611','node1','0.1640625','0.01171875'),('20141129142601','eth1','0','0','node1','0.0','0.0'),('20141129142601','eth2','0','0','node1','0.0','0.0'),('20141129142601','eth3','0','0','node1','0.0','0.0'),('20141129142601','eth4','0','0','node1','0.0','0.0'),('20141129142601','eth5','0','0','node1','0.0','0.0'),('20141129142601','lo','285200','285200','node1','0.03515625','0.03515625'),('20141129142701','bond0','0','0','node1','0.0','0.0'),('20141129142701','eth0','2454602','2347381','node1','0.1904296875','0.01171875'),('20141129142701','eth1','0','0','node1','0.0','0.0'),('20141129142701','eth2','0','0','node1','0.0','0.0'),('20141129142701','eth3','0','0','node1','0.0','0.0'),('20141129142701','eth4','0','0','node1','0.0','0.0'),('20141129142701','eth5','0','0','node1','0.0','0.0'),('20141129142701','lo','287196','287196','node1','0.0322265625','0.0322265625'),('20141129142802','bond0','0','0','node1','0.0','0.0'),('20141129142802','eth0','2470845','2348109','node1','0.259765625','0.0107421875'),('20141129142802','eth1','0','0','node1','0.0','0.0'),('20141129142802','eth2','0','0','node1','0.0','0.0'),('20141129142802','eth3','0','0','node1','0.0','0.0'),('20141129142802','eth4','0','0','node1','0.0','0.0'),('20141129142802','eth5','0','0','node1','0.0','0.0'),('20141129142802','lo','289036','289036','node1','0.029296875','0.029296875'),('20141129142901','bond0','0','0','node1','0.0','0.0'),('20141129142901','eth0','2494330','2383148','node1','0.388671875','0.5791015625'),('20141129142901','eth1','0','0','node1','0.0','0.0'),('20141129142901','eth2','0','0','node1','0.0','0.0'),('20141129142901','eth3','0','0','node1','0.0','0.0'),('20141129142901','eth4','0','0','node1','0.0','0.0'),('20141129142901','eth5','0','0','node1','0.0','0.0'),('20141129142901','lo','291466','291466','node1','0.0400390625','0.0400390625'),('20141129143001','bond0','0','0','node1','0.0','0.0'),('20141129143001','eth0','2522358','2451167','node1','0.4560546875','1.1064453125'),('20141129143001','eth1','0','0','node1','0.0','0.0'),('20141129143001','eth2','0','0','node1','0.0','0.0'),('20141129143001','eth3','0','0','node1','0.0','0.0'),('20141129143001','eth4','0','0','node1','0.0','0.0'),('20141129143001','eth5','0','0','node1','0.0','0.0'),('20141129143001','lo','293154','293154','node1','0.02734375','0.02734375'),('20141129143101','bond0','0','0','node1','0.0','0.0'),('20141129143101','eth0','2585608','2510927','node1','1.029296875','0.97265625'),('20141129143101','eth1','0','0','node1','0.0','0.0'),('20141129143101','eth2','0','0','node1','0.0','0.0'),('20141129143101','eth3','0','0','node1','0.0','0.0'),('20141129143101','eth4','0','0','node1','0.0','0.0'),('20141129143101','eth5','0','0','node1','0.0','0.0'),('20141129143101','lo','295070','295070','node1','0.0302734375','0.0302734375'),('20141129143201','bond0','0','0','node1','0.0','0.0'),('20141129143201','eth0','2643018','2557631','node1','0.93359375','0.759765625'),('20141129143201','eth1','0','0','node1','0.0','0.0'),('20141129143201','eth2','0','0','node1','0.0','0.0'),('20141129143201','eth3','0','0','node1','0.0','0.0'),('20141129143201','eth4','0','0','node1','0.0','0.0'),('20141129143201','eth5','0','0','node1','0.0','0.0'),('20141129143201','lo','296910','296910','node1','0.029296875','0.029296875'),('20141129143301','bond0','0','0','node1','0.0','0.0'),('20141129143301','eth0','2668952','2582367','node1','0.421875','0.40234375'),('20141129143301','eth1','0','0','node1','0.0','0.0'),('20141129143301','eth2','0','0','node1','0.0','0.0'),('20141129143301','eth3','0','0','node1','0.0','0.0'),('20141129143301','eth4','0','0','node1','0.0','0.0'),('20141129143301','eth5','0','0','node1','0.0','0.0'),('20141129143301','lo','299410','299410','node1','0.0400390625','0.0400390625'),('20141129143401','bond0','0','0','node1','0.0','0.0'),('20141129143401','eth0','2701385','2646869','node1','0.52734375','1.0498046875'),('20141129143401','eth1','0','0','node1','0.0','0.0'),('20141129143401','eth2','0','0','node1','0.0','0.0'),('20141129143401','eth3','0','0','node1','0.0','0.0'),('20141129143401','eth4','0','0','node1','0.0','0.0'),('20141129143401','eth5','0','0','node1','0.0','0.0'),('20141129143401','lo','301430','301430','node1','0.0322265625','0.0322265625'),('20141129143501','bond0','0','0','node1','0.0','0.0'),('20141129143501','eth0','2723382','2681367','node1','0.357421875','0.560546875'),('20141129143501','eth1','0','0','node1','0.0','0.0'),('20141129143501','eth2','0','0','node1','0.0','0.0'),('20141129143501','eth3','0','0','node1','0.0','0.0'),('20141129143501','eth4','0','0','node1','0.0','0.0'),('20141129143501','eth5','0','0','node1','0.0','0.0'),('20141129143501','lo','304218','304218','node1','0.044921875','0.044921875'),('20141129143601','bond0','0','0','node1','0.0','0.0'),('20141129143601','eth0','2744673','2702911','node1','0.345703125','0.3505859375'),('20141129143601','eth1','0','0','node1','0.0','0.0'),('20141129143601','eth2','0','0','node1','0.0','0.0'),('20141129143601','eth3','0','0','node1','0.0','0.0'),('20141129143601','eth4','0','0','node1','0.0','0.0'),('20141129143601','eth5','0','0','node1','0.0','0.0'),('20141129143601','lo','306478','306478','node1','0.0361328125','0.0361328125'),('20141129143701','bond0','0','0','node1','0.0','0.0'),('20141129143701','eth0','2771730','2760347','node1','0.439453125','0.9345703125'),('20141129143701','eth1','0','0','node1','0.0','0.0'),('20141129143701','eth2','0','0','node1','0.0','0.0'),('20141129143701','eth3','0','0','node1','0.0','0.0'),('20141129143701','eth4','0','0','node1','0.0','0.0'),('20141129143701','eth5','0','0','node1','0.0','0.0'),('20141129143701','lo','308394','308394','node1','0.0302734375','0.0302734375'),('20141129143801','bond0','0','0','node1','0.0','0.0'),('20141129143801','eth0','2795408','2785587','node1','0.384765625','0.41015625'),('20141129143801','eth1','0','0','node1','0.0','0.0'),('20141129143801','eth2','0','0','node1','0.0','0.0'),('20141129143801','eth3','0','0','node1','0.0','0.0'),('20141129143801','eth4','0','0','node1','0.0','0.0'),('20141129143801','eth5','0','0','node1','0.0','0.0'),('20141129143801','lo','310306','310306','node1','0.0302734375','0.0302734375'),('20141129143901','bond0','0','0','node1','0.0','0.0'),('20141129143901','eth0','2815207','2820451','node1','0.3212890625','0.5673828125'),('20141129143901','eth1','0','0','node1','0.0','0.0'),('20141129143901','eth2','0','0','node1','0.0','0.0'),('20141129143901','eth3','0','0','node1','0.0','0.0'),('20141129143901','eth4','0','0','node1','0.0','0.0'),('20141129143901','eth5','0','0','node1','0.0','0.0'),('20141129143901','lo','312690','312690','node1','0.0380859375','0.0380859375'),('20141129144002','bond0','0','0','node1','0.0','0.0'),('20141129144002','eth0','2884373','2899535','node1','1.1064453125','1.265625'),('20141129144002','eth1','0','0','node1','0.0','0.0'),('20141129144002','eth2','0','0','node1','0.0','0.0'),('20141129144002','eth3','0','0','node1','0.0','0.0'),('20141129144002','eth4','0','0','node1','0.0','0.0'),('20141129144002','eth5','0','0','node1','0.0','0.0'),('20141129144002','lo','314766','314766','node1','0.033203125','0.033203125'),('20141129144101','bond0','0','0','node1','0.0','0.0'),('20141129144101','eth0','2911924','2942613','node1','0.455078125','0.712890625'),('20141129144101','eth1','0','0','node1','0.0','0.0'),('20141129144101','eth2','0','0','node1','0.0','0.0'),('20141129144101','eth3','0','0','node1','0.0','0.0'),('20141129144101','eth4','0','0','node1','0.0','0.0'),('20141129144101','eth5','0','0','node1','0.0','0.0'),('20141129144101','lo','316438','316438','node1','0.02734375','0.02734375'),('20141129144202','bond0','0','0','node1','0.0','0.0'),('20141129144202','eth0','2928767','2943429','node1','0.26953125','0.0126953125'),('20141129144202','eth1','0','0','node1','0.0','0.0'),('20141129144202','eth2','0','0','node1','0.0','0.0'),('20141129144202','eth3','0','0','node1','0.0','0.0'),('20141129144202','eth4','0','0','node1','0.0','0.0'),('20141129144202','eth5','0','0','node1','0.0','0.0'),('20141129144202','lo','318190','318190','node1','0.02734375','0.02734375'),('20141129144301','bond0','0','0','node1','0.0','0.0'),('20141129144301','eth0','2953868','2964163','node1','0.4150390625','0.3427734375'),('20141129144301','eth1','0','0','node1','0.0','0.0'),('20141129144301','eth2','0','0','node1','0.0','0.0'),('20141129144301','eth3','0','0','node1','0.0','0.0'),('20141129144301','eth4','0','0','node1','0.0','0.0'),('20141129144301','eth5','0','0','node1','0.0','0.0'),('20141129144301','lo','321916','321916','node1','0.0615234375','0.0615234375'),('20141129144401','bond0','0','0','node1','0.0','0.0'),('20141129144401','eth0','2967994','2965059','node1','0.2294921875','0.013671875'),('20141129144401','eth1','0','0','node1','0.0','0.0'),('20141129144401','eth2','0','0','node1','0.0','0.0'),('20141129144401','eth3','0','0','node1','0.0','0.0'),('20141129144401','eth4','0','0','node1','0.0','0.0'),('20141129144401','eth5','0','0','node1','0.0','0.0'),('20141129144401','lo','324304','324304','node1','0.0380859375','0.0380859375'),('20141129144501','bond0','0','0','node1','0.0','0.0'),('20141129144501','eth0','2983317','2965695','node1','0.2490234375','0.009765625'),('20141129144501','eth1','0','0','node1','0.0','0.0'),('20141129144501','eth2','0','0','node1','0.0','0.0'),('20141129144501','eth3','0','0','node1','0.0','0.0'),('20141129144501','eth4','0','0','node1','0.0','0.0'),('20141129144501','eth5','0','0','node1','0.0','0.0'),('20141129144501','lo','326056','326056','node1','0.0283203125','0.0283203125'),('20141129144601','bond0','0','0','node1','0.0','0.0'),('20141129144601','eth0','2997526','2966377','node1','0.23046875','0.0107421875'),('20141129144601','eth1','0','0','node1','0.0','0.0'),('20141129144601','eth2','0','0','node1','0.0','0.0'),('20141129144601','eth3','0','0','node1','0.0','0.0'),('20141129144601','eth4','0','0','node1','0.0','0.0'),('20141129144601','eth5','0','0','node1','0.0','0.0'),('20141129144601','lo','328124','328124','node1','0.033203125','0.033203125'),('20141129144701','bond0','0','0','node1','0.0','0.0'),('20141129144701','eth0','3007750','2967193','node1','0.166015625','0.0126953125'),('20141129144701','eth1','0','0','node1','0.0','0.0'),('20141129144701','eth2','0','0','node1','0.0','0.0'),('20141129144701','eth3','0','0','node1','0.0','0.0'),('20141129144701','eth4','0','0','node1','0.0','0.0'),('20141129144701','eth5','0','0','node1','0.0','0.0'),('20141129144701','lo','329940','329940','node1','0.029296875','0.029296875'),('20141129144801','bond0','0','0','node1','0.0','0.0'),('20141129144801','eth0','3023058','2967829','node1','0.2490234375','0.009765625'),('20141129144801','eth1','0','0','node1','0.0','0.0'),('20141129144801','eth2','0','0','node1','0.0','0.0'),('20141129144801','eth3','0','0','node1','0.0','0.0'),('20141129144801','eth4','0','0','node1','0.0','0.0'),('20141129144801','eth5','0','0','node1','0.0','0.0'),('20141129144801','lo','331776','331776','node1','0.029296875','0.029296875'),('20141129144901','bond0','0','0','node1','0.0','0.0'),('20141129144901','eth0','3037411','2968511','node1','0.2333984375','0.0107421875'),('20141129144901','eth1','0','0','node1','0.0','0.0'),('20141129144901','eth2','0','0','node1','0.0','0.0'),('20141129144901','eth3','0','0','node1','0.0','0.0'),('20141129144901','eth4','0','0','node1','0.0','0.0'),('20141129144901','eth5','0','0','node1','0.0','0.0'),('20141129144901','lo','334282','334282','node1','0.0400390625','0.0400390625'),('20141129145001','bond0','0','0','node1','0.0','0.0'),('20141129145001','eth0','3051302','2969147','node1','0.2255859375','0.009765625'),('20141129145001','eth1','0','0','node1','0.0','0.0'),('20141129145001','eth2','0','0','node1','0.0','0.0'),('20141129145001','eth3','0','0','node1','0.0','0.0'),('20141129145001','eth4','0','0','node1','0.0','0.0'),('20141129145001','eth5','0','0','node1','0.0','0.0'),('20141129145001','lo','336202','336202','node1','0.03125','0.03125'),('20141129145101','bond0','0','0','node1','0.0','0.0'),('20141129145101','eth0','3065905','2969829','node1','0.2373046875','0.0107421875'),('20141129145101','eth1','0','0','node1','0.0','0.0'),('20141129145101','eth2','0','0','node1','0.0','0.0'),('20141129145101','eth3','0','0','node1','0.0','0.0'),('20141129145101','eth4','0','0','node1','0.0','0.0'),('20141129145101','eth5','0','0','node1','0.0','0.0'),('20141129145101','lo','338042','338042','node1','0.029296875','0.029296875'),('20141129145202','bond0','0','0','node1','0.0','0.0'),('20141129145202','eth0','3083012','2970599','node1','0.2734375','0.01171875'),('20141129145202','eth1','0','0','node1','0.0','0.0'),('20141129145202','eth2','0','0','node1','0.0','0.0'),('20141129145202','eth3','0','0','node1','0.0','0.0'),('20141129145202','eth4','0','0','node1','0.0','0.0'),('20141129145202','eth5','0','0','node1','0.0','0.0'),('20141129145202','lo','341330','341330','node1','0.0517578125','0.0517578125'),('20141129145301','bond0','0','0','node1','0.0','0.0'),('20141129145301','eth0','3099616','2971281','node1','0.2744140625','0.0107421875'),('20141129145301','eth1','0','0','node1','0.0','0.0'),('20141129145301','eth2','0','0','node1','0.0','0.0'),('20141129145301','eth3','0','0','node1','0.0','0.0'),('20141129145301','eth4','0','0','node1','0.0','0.0'),('20141129145301','eth5','0','0','node1','0.0','0.0'),('20141129145301','lo','343736','343736','node1','0.0390625','0.0390625'),('20141129145401','bond0','0','0','node1','0.0','0.0'),('20141129145401','eth0','3113219','2971917','node1','0.220703125','0.009765625'),('20141129145401','eth1','0','0','node1','0.0','0.0'),('20141129145401','eth2','0','0','node1','0.0','0.0'),('20141129145401','eth3','0','0','node1','0.0','0.0'),('20141129145401','eth4','0','0','node1','0.0','0.0'),('20141129145401','eth5','0','0','node1','0.0','0.0'),('20141129145401','lo','346166','346166','node1','0.0390625','0.0390625'),('20141129145502','bond0','0','0','node1','0.0','0.0'),('20141129145502','eth0','3125118','2972645','node1','0.1904296875','0.0107421875'),('20141129145502','eth1','0','0','node1','0.0','0.0'),('20141129145502','eth2','0','0','node1','0.0','0.0'),('20141129145502','eth3','0','0','node1','0.0','0.0'),('20141129145502','eth4','0','0','node1','0.0','0.0'),('20141129145502','eth5','0','0','node1','0.0','0.0'),('20141129145502','lo','348010','348010','node1','0.029296875','0.029296875'),('20141129145601','bond0','0','0','node1','0.0','0.0'),('20141129145601','eth0','3136576','2973541','node1','0.189453125','0.0146484375'),('20141129145601','eth1','0','0','node1','0.0','0.0'),('20141129145601','eth2','0','0','node1','0.0','0.0'),('20141129145601','eth3','0','0','node1','0.0','0.0'),('20141129145601','eth4','0','0','node1','0.0','0.0'),('20141129145601','eth5','0','0','node1','0.0','0.0'),('20141129145601','lo','349762','349762','node1','0.0283203125','0.0283203125'),('20141129145701','bond0','0','0','node1','0.0','0.0'),('20141129145701','eth0','3149428','2978679','node1','0.208984375','0.0830078125'),('20141129145701','eth1','0','0','node1','0.0','0.0'),('20141129145701','eth2','0','0','node1','0.0','0.0'),('20141129145701','eth3','0','0','node1','0.0','0.0'),('20141129145701','eth4','0','0','node1','0.0','0.0'),('20141129145701','eth5','0','0','node1','0.0','0.0'),('20141129145701','lo','351514','351514','node1','0.0283203125','0.0283203125'),('20141129145801','bond0','0','0','node1','0.0','0.0'),('20141129145801','eth0','3161936','2979315','node1','0.203125','0.009765625'),('20141129145801','eth1','0','0','node1','0.0','0.0'),('20141129145801','eth2','0','0','node1','0.0','0.0'),('20141129145801','eth3','0','0','node1','0.0','0.0'),('20141129145801','eth4','0','0','node1','0.0','0.0'),('20141129145801','eth5','0','0','node1','0.0','0.0'),('20141129145801','lo','353430','353430','node1','0.0302734375','0.0302734375'),('20141129145901','bond0','0','0','node1','0.0','0.0'),('20141129145901','eth0','3174133','2990125','node1','0.1982421875','0.17578125'),('20141129145901','eth1','0','0','node1','0.0','0.0'),('20141129145901','eth2','0','0','node1','0.0','0.0'),('20141129145901','eth3','0','0','node1','0.0','0.0'),('20141129145901','eth4','0','0','node1','0.0','0.0'),('20141129145901','eth5','0','0','node1','0.0','0.0'),('20141129145901','lo','356012','356012','node1','0.0419921875','0.0419921875'),('20141129150001','bond0','0','0','node1','0.0','0.0'),('20141129150001','eth0','3203991','3034348','node1','0.4853515625','0.7197265625'),('20141129150001','eth1','0','0','node1','0.0','0.0'),('20141129150001','eth2','0','0','node1','0.0','0.0'),('20141129150001','eth3','0','0','node1','0.0','0.0'),('20141129150001','eth4','0','0','node1','0.0','0.0'),('20141129150001','eth5','0','0','node1','0.0','0.0'),('20141129150001','lo','357852','357852','node1','0.029296875','0.029296875'),('20141129150101','bond0','0','0','node1','0.0','0.0'),('20141129150101','eth0','3233178','3074378','node1','0.474609375','0.6513671875'),('20141129150101','eth1','0','0','node1','0.0','0.0'),('20141129150101','eth2','0','0','node1','0.0','0.0'),('20141129150101','eth3','0','0','node1','0.0','0.0'),('20141129150101','eth4','0','0','node1','0.0','0.0'),('20141129150101','eth5','0','0','node1','0.0','0.0'),('20141129150101','lo','359772','359772','node1','0.03125','0.03125'),('20141129150201','bond0','0','0','node1','0.0','0.0'),('20141129150201','eth0','3256751','3096129','node1','0.3828125','0.353515625'),('20141129150201','eth1','0','0','node1','0.0','0.0'),('20141129150201','eth2','0','0','node1','0.0','0.0'),('20141129150201','eth3','0','0','node1','0.0','0.0'),('20141129150201','eth4','0','0','node1','0.0','0.0'),('20141129150201','eth5','0','0','node1','0.0','0.0'),('20141129150201','lo','361764','361764','node1','0.0322265625','0.0322265625'),('20141129150301','bond0','0','0','node1','0.0','0.0'),('20141129150301','eth0','3270285','3096765','node1','0.2197265625','0.009765625'),('20141129150301','eth1','0','0','node1','0.0','0.0'),('20141129150301','eth2','0','0','node1','0.0','0.0'),('20141129150301','eth3','0','0','node1','0.0','0.0'),('20141129150301','eth4','0','0','node1','0.0','0.0'),('20141129150301','eth5','0','0','node1','0.0','0.0'),('20141129150301','lo','364844','364844','node1','0.0498046875','0.0498046875'),('20141129150402','bond0','0','0','node1','0.0','0.0'),('20141129150402','eth0','3289910','3097493','node1','0.3134765625','0.0107421875'),('20141129150402','eth1','0','0','node1','0.0','0.0'),('20141129150402','eth2','0','0','node1','0.0','0.0'),('20141129150402','eth3','0','0','node1','0.0','0.0'),('20141129150402','eth4','0','0','node1','0.0','0.0'),('20141129150402','eth5','0','0','node1','0.0','0.0'),('20141129150402','lo','367684','367684','node1','0.044921875','0.044921875'),('20141129150501','bond0','0','0','node1','0.0','0.0'),('20141129150501','eth0','3309775','3098175','node1','0.328125','0.0107421875'),('20141129150501','eth1','0','0','node1','0.0','0.0'),('20141129150501','eth2','0','0','node1','0.0','0.0'),('20141129150501','eth3','0','0','node1','0.0','0.0'),('20141129150501','eth4','0','0','node1','0.0','0.0'),('20141129150501','eth5','0','0','node1','0.0','0.0'),('20141129150501','lo','369520','369520','node1','0.0302734375','0.0302734375'),('20141129150602','bond0','0','0','node1','0.0','0.0'),('20141129150602','eth0','3329603','3098811','node1','0.3173828125','0.009765625'),('20141129150602','eth1','0','0','node1','0.0','0.0'),('20141129150602','eth2','0','0','node1','0.0','0.0'),('20141129150602','eth3','0','0','node1','0.0','0.0'),('20141129150602','eth4','0','0','node1','0.0','0.0'),('20141129150602','eth5','0','0','node1','0.0','0.0'),('20141129150602','lo','371512','371512','node1','0.03125','0.03125'),('20141129150701','bond0','0','0','node1','0.0','0.0'),('20141129150701','eth0','3344563','3099627','node1','0.2470703125','0.0126953125'),('20141129150701','eth1','0','0','node1','0.0','0.0'),('20141129150701','eth2','0','0','node1','0.0','0.0'),('20141129150701','eth3','0','0','node1','0.0','0.0'),('20141129150701','eth4','0','0','node1','0.0','0.0'),('20141129150701','eth5','0','0','node1','0.0','0.0'),('20141129150701','lo','373424','373424','node1','0.03125','0.03125'),('20141129150801','bond0','0','0','node1','0.0','0.0'),('20141129150801','eth0','3357132','3100615','node1','0.2041015625','0.015625'),('20141129150801','eth1','0','0','node1','0.0','0.0'),('20141129150801','eth2','0','0','node1','0.0','0.0'),('20141129150801','eth3','0','0','node1','0.0','0.0'),('20141129150801','eth4','0','0','node1','0.0','0.0'),('20141129150801','eth5','0','0','node1','0.0','0.0'),('20141129150801','lo','375428','375428','node1','0.0322265625','0.0322265625'),('20141129150901','bond0','0','0','node1','0.0','0.0'),('20141129150901','eth0','3371685','3104429','node1','0.236328125','0.0615234375'),('20141129150901','eth1','0','0','node1','0.0','0.0'),('20141129150901','eth2','0','0','node1','0.0','0.0'),('20141129150901','eth3','0','0','node1','0.0','0.0'),('20141129150901','eth4','0','0','node1','0.0','0.0'),('20141129150901','eth5','0','0','node1','0.0','0.0'),('20141129150901','lo','378936','378936','node1','0.056640625','0.056640625'),('20141129151001','bond0','0','0','node1','0.0','0.0'),('20141129151001','eth0','3388734','3105111','node1','0.27734375','0.0107421875'),('20141129151001','eth1','0','0','node1','0.0','0.0'),('20141129151001','eth2','0','0','node1','0.0','0.0'),('20141129151001','eth3','0','0','node1','0.0','0.0'),('20141129151001','eth4','0','0','node1','0.0','0.0'),('20141129151001','eth5','0','0','node1','0.0','0.0'),('20141129151001','lo','380680','380680','node1','0.0283203125','0.0283203125'),('20141129151101','bond0','0','0','node1','0.0','0.0'),('20141129151101','eth0','3399896','3105747','node1','0.181640625','0.009765625'),('20141129151101','eth1','0','0','node1','0.0','0.0'),('20141129151101','eth2','0','0','node1','0.0','0.0'),('20141129151101','eth3','0','0','node1','0.0','0.0'),('20141129151101','eth4','0','0','node1','0.0','0.0'),('20141129151101','eth5','0','0','node1','0.0','0.0'),('20141129151101','lo','382676','382676','node1','0.0322265625','0.0322265625'),('20141129151201','bond0','0','0','node1','0.0','0.0'),('20141129151201','eth0','3410299','3106475','node1','0.1689453125','0.01171875'),('20141129151201','eth1','0','0','node1','0.0','0.0'),('20141129151201','eth2','0','0','node1','0.0','0.0'),('20141129151201','eth3','0','0','node1','0.0','0.0'),('20141129151201','eth4','0','0','node1','0.0','0.0'),('20141129151201','eth5','0','0','node1','0.0','0.0'),('20141129151201','lo','384824','384824','node1','0.0341796875','0.0341796875'),('20141129151301','bond0','0','0','node1','0.0','0.0'),('20141129151301','eth0','3423763','3109589','node1','0.21875','0.0498046875'),('20141129151301','eth1','0','0','node1','0.0','0.0'),('20141129151301','eth2','0','0','node1','0.0','0.0'),('20141129151301','eth3','0','0','node1','0.0','0.0'),('20141129151301','eth4','0','0','node1','0.0','0.0'),('20141129151301','eth5','0','0','node1','0.0','0.0'),('20141129151301','lo','386348','386348','node1','0.0244140625','0.0244140625'),('20141129151401','bond0','0','0','node1','0.0','0.0'),('20141129151401','eth0','3441001','3110271','node1','0.2802734375','0.0107421875'),('20141129151401','eth1','0','0','node1','0.0','0.0'),('20141129151401','eth2','0','0','node1','0.0','0.0'),('20141129151401','eth3','0','0','node1','0.0','0.0'),('20141129151401','eth4','0','0','node1','0.0','0.0'),('20141129151401','eth5','0','0','node1','0.0','0.0'),('20141129151401','lo','388736','388736','node1','0.0380859375','0.0380859375'),('20141129151501','bond0','0','0','node1','0.0','0.0'),('20141129151501','eth0','3456760','3122875','node1','0.255859375','0.205078125'),('20141129151501','eth1','0','0','node1','0.0','0.0'),('20141129151501','eth2','0','0','node1','0.0','0.0'),('20141129151501','eth3','0','0','node1','0.0','0.0'),('20141129151501','eth4','0','0','node1','0.0','0.0'),('20141129151501','eth5','0','0','node1','0.0','0.0'),('20141129151501','lo','390576','390576','node1','0.029296875','0.029296875'),('20141129151602','bond0','0','0','node1','0.0','0.0'),('20141129151602','eth0','3469495','3123603','node1','0.203125','0.0107421875'),('20141129151602','eth1','0','0','node1','0.0','0.0'),('20141129151602','eth2','0','0','node1','0.0','0.0'),('20141129151602','eth3','0','0','node1','0.0','0.0'),('20141129151602','eth4','0','0','node1','0.0','0.0'),('20141129151602','eth5','0','0','node1','0.0','0.0'),('20141129151602','lo','393146','393146','node1','0.041015625','0.041015625'),('20141129151701','bond0','0','0','node1','0.0','0.0'),('20141129151701','eth0','3485725','3124373','node1','0.2685546875','0.0126953125'),('20141129151701','eth1','0','0','node1','0.0','0.0'),('20141129151701','eth2','0','0','node1','0.0','0.0'),('20141129151701','eth3','0','0','node1','0.0','0.0'),('20141129151701','eth4','0','0','node1','0.0','0.0'),('20141129151701','eth5','0','0','node1','0.0','0.0'),('20141129151701','lo','394830','394830','node1','0.02734375','0.02734375'),('20141129151801','bond0','0','0','node1','0.0','0.0'),('20141129151801','eth0','3499163','3125055','node1','0.2177734375','0.0107421875'),('20141129151801','eth1','0','0','node1','0.0','0.0'),('20141129151801','eth2','0','0','node1','0.0','0.0'),('20141129151801','eth3','0','0','node1','0.0','0.0'),('20141129151801','eth4','0','0','node1','0.0','0.0'),('20141129151801','eth5','0','0','node1','0.0','0.0'),('20141129151801','lo','396826','396826','node1','0.0322265625','0.0322265625'),('20141129151902','bond0','0','0','node1','0.0','0.0'),('20141129151902','eth0','3510900','3125691','node1','0.1875','0.009765625'),('20141129151902','eth1','0','0','node1','0.0','0.0'),('20141129151902','eth2','0','0','node1','0.0','0.0'),('20141129151902','eth3','0','0','node1','0.0','0.0'),('20141129151902','eth4','0','0','node1','0.0','0.0'),('20141129151902','eth5','0','0','node1','0.0','0.0'),('20141129151902','lo','399256','399256','node1','0.0380859375','0.0380859375'),('20141129152001','bond0','0','0','node1','0.0','0.0'),('20141129152001','eth0','3523864','3126679','node1','0.2138671875','0.015625'),('20141129152001','eth1','0','0','node1','0.0','0.0'),('20141129152001','eth2','0','0','node1','0.0','0.0'),('20141129152001','eth3','0','0','node1','0.0','0.0'),('20141129152001','eth4','0','0','node1','0.0','0.0'),('20141129152001','eth5','0','0','node1','0.0','0.0'),('20141129152001','lo','401252','401252','node1','0.0322265625','0.0322265625'),('20141129152101','bond0','0','0','node1','0.0','0.0'),('20141129152101','eth0','3536688','3127315','node1','0.2080078125','0.009765625'),('20141129152101','eth1','0','0','node1','0.0','0.0'),('20141129152101','eth2','0','0','node1','0.0','0.0'),('20141129152101','eth3','0','0','node1','0.0','0.0'),('20141129152101','eth4','0','0','node1','0.0','0.0'),('20141129152101','eth5','0','0','node1','0.0','0.0'),('20141129152101','lo','403004','403004','node1','0.0283203125','0.0283203125'),('20141129152201','bond0','0','0','node1','0.0','0.0'),('20141129152201','eth0','3555521','3128043','node1','0.3056640625','0.01171875'),('20141129152201','eth1','0','0','node1','0.0','0.0'),('20141129152201','eth2','0','0','node1','0.0','0.0'),('20141129152201','eth3','0','0','node1','0.0','0.0'),('20141129152201','eth4','0','0','node1','0.0','0.0'),('20141129152201','eth5','0','0','node1','0.0','0.0'),('20141129152201','lo','404916','404916','node1','0.0302734375','0.0302734375'),('20141129152301','bond0','0','0','node1','0.0','0.0'),('20141129152301','eth0','3570819','3141559','node1','0.248046875','0.2197265625'),('20141129152301','eth1','0','0','node1','0.0','0.0'),('20141129152301','eth2','0','0','node1','0.0','0.0'),('20141129152301','eth3','0','0','node1','0.0','0.0'),('20141129152301','eth4','0','0','node1','0.0','0.0'),('20141129152301','eth5','0','0','node1','0.0','0.0'),('20141129152301','lo','406868','406868','node1','0.03125','0.03125'),('20141129152401','bond0','0','0','node1','0.0','0.0'),('20141129152401','eth0','3628212','3727705','node1','0.93359375','9.5400390625'),('20141129152401','eth1','0','0','node1','0.0','0.0'),('20141129152401','eth2','0','0','node1','0.0','0.0'),('20141129152401','eth3','0','0','node1','0.0','0.0'),('20141129152401','eth4','0','0','node1','0.0','0.0'),('20141129152401','eth5','0','0','node1','0.0','0.0'),('20141129152401','lo','410570','410570','node1','0.0595703125','0.0595703125'),('20141129152501','bond0','0','0','node1','0.0','0.0'),('20141129152501','eth0','3646627','3729637','node1','0.298828125','0.03125'),('20141129152501','eth1','0','0','node1','0.0','0.0'),('20141129152501','eth2','0','0','node1','0.0','0.0'),('20141129152501','eth3','0','0','node1','0.0','0.0'),('20141129152501','eth4','0','0','node1','0.0','0.0'),('20141129152501','eth5','0','0','node1','0.0','0.0'),('20141129152501','lo','413490','413490','node1','0.046875','0.046875'),('20141129152601','bond0','0','0','node1','0.0','0.0'),('20141129152601','eth0','3664883','3730361','node1','0.296875','0.01171875'),('20141129152601','eth1','0','0','node1','0.0','0.0'),('20141129152601','eth2','0','0','node1','0.0','0.0'),('20141129152601','eth3','0','0','node1','0.0','0.0'),('20141129152601','eth4','0','0','node1','0.0','0.0'),('20141129152601','eth5','0','0','node1','0.0','0.0'),('20141129152601','lo','415858','415858','node1','0.0380859375','0.0380859375'),('20141129152701','bond0','0','0','node1','0.0','0.0'),('20141129152701','eth0','3686091','3738261','node1','0.3447265625','0.1279296875'),('20141129152701','eth1','0','0','node1','0.0','0.0'),('20141129152701','eth2','0','0','node1','0.0','0.0'),('20141129152701','eth3','0','0','node1','0.0','0.0'),('20141129152701','eth4','0','0','node1','0.0','0.0'),('20141129152701','eth5','0','0','node1','0.0','0.0'),('20141129152701','lo','417542','417542','node1','0.02734375','0.02734375'),('20141129152802','bond0','0','0','node1','0.0','0.0'),('20141129152802','eth0','3712291','3745010','node1','0.4189453125','0.107421875'),('20141129152802','eth1','0','0','node1','0.0','0.0'),('20141129152802','eth2','0','0','node1','0.0','0.0'),('20141129152802','eth3','0','0','node1','0.0','0.0'),('20141129152802','eth4','0','0','node1','0.0','0.0'),('20141129152802','eth5','0','0','node1','0.0','0.0'),('20141129152802','lo','420418','420418','node1','0.0458984375','0.0458984375'),('20141129152901','bond0','0','0','node1','0.0','0.0'),('20141129152901','eth0','3728273','3753193','node1','0.263671875','0.134765625'),('20141129152901','eth1','0','0','node1','0.0','0.0'),('20141129152901','eth2','0','0','node1','0.0','0.0'),('20141129152901','eth3','0','0','node1','0.0','0.0'),('20141129152901','eth4','0','0','node1','0.0','0.0'),('20141129152901','eth5','0','0','node1','0.0','0.0'),('20141129152901','lo','425746','425746','node1','0.087890625','0.087890625'),('20141129153001','bond0','0','0','node1','0.0','0.0'),('20141129153001','eth0','3741930','3753829','node1','0.2216796875','0.009765625'),('20141129153001','eth1','0','0','node1','0.0','0.0'),('20141129153001','eth2','0','0','node1','0.0','0.0'),('20141129153001','eth3','0','0','node1','0.0','0.0'),('20141129153001','eth4','0','0','node1','0.0','0.0'),('20141129153001','eth5','0','0','node1','0.0','0.0'),('20141129153001','lo','427490','427490','node1','0.0283203125','0.0283203125'),('20141129153102','bond0','0','0','node1','0.0','0.0'),('20141129153102','eth0','3753390','3754465','node1','0.1826171875','0.009765625'),('20141129153102','eth1','0','0','node1','0.0','0.0'),('20141129153102','eth2','0','0','node1','0.0','0.0'),('20141129153102','eth3','0','0','node1','0.0','0.0'),('20141129153102','eth4','0','0','node1','0.0','0.0'),('20141129153102','eth5','0','0','node1','0.0','0.0'),('20141129153102','lo','429150','429150','node1','0.0263671875','0.0263671875'),('20141129153201','bond0','0','0','node1','0.0','0.0'),('20141129153201','eth0','3770831','3778915','node1','0.2880859375','0.404296875'),('20141129153201','eth1','0','0','node1','0.0','0.0'),('20141129153201','eth2','0','0','node1','0.0','0.0'),('20141129153201','eth3','0','0','node1','0.0','0.0'),('20141129153201','eth4','0','0','node1','0.0','0.0'),('20141129153201','eth5','0','0','node1','0.0','0.0'),('20141129153201','lo','430834','430834','node1','0.02734375','0.02734375'),('20141129153301','bond0','0','0','node1','0.0','0.0'),('20141129153301','eth0','3780168','3779685','node1','0.1513671875','0.01171875'),('20141129153301','eth1','0','0','node1','0.0','0.0'),('20141129153301','eth2','0','0','node1','0.0','0.0'),('20141129153301','eth3','0','0','node1','0.0','0.0'),('20141129153301','eth4','0','0','node1','0.0','0.0'),('20141129153301','eth5','0','0','node1','0.0','0.0'),('20141129153301','lo','433682','433682','node1','0.0458984375','0.0458984375'),('20141129153401','bond0','0','0','node1','0.0','0.0'),('20141129153401','eth0','3794781','3780321','node1','0.2373046875','0.009765625'),('20141129153401','eth1','0','0','node1','0.0','0.0'),('20141129153401','eth2','0','0','node1','0.0','0.0'),('20141129153401','eth3','0','0','node1','0.0','0.0'),('20141129153401','eth4','0','0','node1','0.0','0.0'),('20141129153401','eth5','0','0','node1','0.0','0.0'),('20141129153401','lo','435952','435952','node1','0.0361328125','0.0361328125'),('20141129153501','bond0','0','0','node1','0.0','0.0'),('20141129153501','eth0','3807418','3780957','node1','0.205078125','0.009765625'),('20141129153501','eth1','0','0','node1','0.0','0.0'),('20141129153501','eth2','0','0','node1','0.0','0.0'),('20141129153501','eth3','0','0','node1','0.0','0.0'),('20141129153501','eth4','0','0','node1','0.0','0.0'),('20141129153501','eth5','0','0','node1','0.0','0.0'),('20141129153501','lo','437708','437708','node1','0.0283203125','0.0283203125'),('20141129153601','bond0','0','0','node1','0.0','0.0'),('20141129153601','eth0','3824641','3781639','node1','0.2802734375','0.0107421875'),('20141129153601','eth1','0','0','node1','0.0','0.0'),('20141129153601','eth2','0','0','node1','0.0','0.0'),('20141129153601','eth3','0','0','node1','0.0','0.0'),('20141129153601','eth4','0','0','node1','0.0','0.0'),('20141129153601','eth5','0','0','node1','0.0','0.0'),('20141129153601','lo','439548','439548','node1','0.029296875','0.029296875'),('20141129153701','bond0','0','0','node1','0.0','0.0'),('20141129153701','eth0','3838242','3782321','node1','0.220703125','0.0107421875'),('20141129153701','eth1','0','0','node1','0.0','0.0'),('20141129153701','eth2','0','0','node1','0.0','0.0'),('20141129153701','eth3','0','0','node1','0.0','0.0'),('20141129153701','eth4','0','0','node1','0.0','0.0'),('20141129153701','eth5','0','0','node1','0.0','0.0'),('20141129153701','lo','441384','441384','node1','0.029296875','0.029296875'),('20141129153801','bond0','0','0','node1','0.0','0.0'),('20141129153801','eth0','3851409','3783049','node1','0.2138671875','0.01171875'),('20141129153801','eth1','0','0','node1','0.0','0.0'),('20141129153801','eth2','0','0','node1','0.0','0.0'),('20141129153801','eth3','0','0','node1','0.0','0.0'),('20141129153801','eth4','0','0','node1','0.0','0.0'),('20141129153801','eth5','0','0','node1','0.0','0.0'),('20141129153801','lo','443372','443372','node1','0.0322265625','0.0322265625'),('20141129153901','bond0','0','0','node1','0.0','0.0'),('20141129153901','eth0','3862896','3783773','node1','0.1865234375','0.01171875'),('20141129153901','eth1','0','0','node1','0.0','0.0'),('20141129153901','eth2','0','0','node1','0.0','0.0'),('20141129153901','eth3','0','0','node1','0.0','0.0'),('20141129153901','eth4','0','0','node1','0.0','0.0'),('20141129153901','eth5','0','0','node1','0.0','0.0'),('20141129153901','lo','446198','446198','node1','0.0458984375','0.0458984375'),('20141129154001','bond0','0','0','node1','0.0','0.0'),('20141129154001','eth0','3873263','3784409','node1','0.16796875','0.009765625'),('20141129154001','eth1','0','0','node1','0.0','0.0'),('20141129154001','eth2','0','0','node1','0.0','0.0'),('20141129154001','eth3','0','0','node1','0.0','0.0'),('20141129154001','eth4','0','0','node1','0.0','0.0'),('20141129154001','eth5','0','0','node1','0.0','0.0'),('20141129154001','lo','448388','448388','node1','0.03515625','0.03515625'),('20141129154101','bond0','0','0','node1','0.0','0.0'),('20141129154101','eth0','3883537','3785045','node1','0.1669921875','0.009765625'),('20141129154101','eth1','0','0','node1','0.0','0.0'),('20141129154101','eth2','0','0','node1','0.0','0.0'),('20141129154101','eth3','0','0','node1','0.0','0.0'),('20141129154101','eth4','0','0','node1','0.0','0.0'),('20141129154101','eth5','0','0','node1','0.0','0.0'),('20141129154101','lo','450864','450864','node1','0.0400390625','0.0400390625'),('20141129154201','bond0','0','0','node1','0.0','0.0'),('20141129154201','eth0','3899799','3785681','node1','0.2646484375','0.009765625'),('20141129154201','eth1','0','0','node1','0.0','0.0'),('20141129154201','eth2','0','0','node1','0.0','0.0'),('20141129154201','eth3','0','0','node1','0.0','0.0'),('20141129154201','eth4','0','0','node1','0.0','0.0'),('20141129154201','eth5','0','0','node1','0.0','0.0'),('20141129154201','lo','452628','452628','node1','0.0283203125','0.0283203125'),('20141129154302','bond0','0','0','node1','0.0','0.0'),('20141129154302','eth0','3911945','3786451','node1','0.1943359375','0.01171875'),('20141129154302','eth1','0','0','node1','0.0','0.0'),('20141129154302','eth2','0','0','node1','0.0','0.0'),('20141129154302','eth3','0','0','node1','0.0','0.0'),('20141129154302','eth4','0','0','node1','0.0','0.0'),('20141129154302','eth5','0','0','node1','0.0','0.0'),('20141129154302','lo','454464','454464','node1','0.029296875','0.029296875'),('20141129154401','bond0','0','0','node1','0.0','0.0'),('20141129154401','eth0','3930911','3787347','node1','0.3134765625','0.0146484375'),('20141129154401','eth1','0','0','node1','0.0','0.0'),('20141129154401','eth2','0','0','node1','0.0','0.0'),('20141129154401','eth3','0','0','node1','0.0','0.0'),('20141129154401','eth4','0','0','node1','0.0','0.0'),('20141129154401','eth5','0','0','node1','0.0','0.0'),('20141129154401','lo','458214','458214','node1','0.0615234375','0.0615234375'),('20141129154501','bond0','0','0','node1','0.0','0.0'),('20141129154501','eth0','3961206','3860109','node1','0.4921875','1.18359375'),('20141129154501','eth1','0','0','node1','0.0','0.0'),('20141129154501','eth2','0','0','node1','0.0','0.0'),('20141129154501','eth3','0','0','node1','0.0','0.0'),('20141129154501','eth4','0','0','node1','0.0','0.0'),('20141129154501','eth5','0','0','node1','0.0','0.0'),('20141129154501','lo','460746','460746','node1','0.041015625','0.041015625'),('20141129154601','bond0','0','0','node1','0.0','0.0'),('20141129154601','eth0','3982567','3914553','node1','0.34765625','0.8857421875'),('20141129154601','eth1','0','0','node1','0.0','0.0'),('20141129154601','eth2','0','0','node1','0.0','0.0'),('20141129154601','eth3','0','0','node1','0.0','0.0'),('20141129154601','eth4','0','0','node1','0.0','0.0'),('20141129154601','eth5','0','0','node1','0.0','0.0'),('20141129154601','lo','463466','463466','node1','0.0439453125','0.0439453125'),('20141129154701','bond0','0','0','node1','0.0','0.0'),('20141129154701','eth0','3996986','3945666','node1','0.234375','0.505859375'),('20141129154701','eth1','0','0','node1','0.0','0.0'),('20141129154701','eth2','0','0','node1','0.0','0.0'),('20141129154701','eth3','0','0','node1','0.0','0.0'),('20141129154701','eth4','0','0','node1','0.0','0.0'),('20141129154701','eth5','0','0','node1','0.0','0.0'),('20141129154701','lo','465414','465414','node1','0.03125','0.03125'),('20141129154801','bond0','0','0','node1','0.0','0.0'),('20141129154801','eth0','4009519','3946478','node1','0.203125','0.0126953125'),('20141129154801','eth1','0','0','node1','0.0','0.0'),('20141129154801','eth2','0','0','node1','0.0','0.0'),('20141129154801','eth3','0','0','node1','0.0','0.0'),('20141129154801','eth4','0','0','node1','0.0','0.0'),('20141129154801','eth5','0','0','node1','0.0','0.0'),('20141129154801','lo','467170','467170','node1','0.0283203125','0.0283203125'),('20141129154901','bond0','0','0','node1','0.0','0.0'),('20141129154901','eth0','4027497','3948329','node1','0.2919921875','0.029296875'),('20141129154901','eth1','0','0','node1','0.0','0.0'),('20141129154901','eth2','0','0','node1','0.0','0.0'),('20141129154901','eth3','0','0','node1','0.0','0.0'),('20141129154901','eth4','0','0','node1','0.0','0.0'),('20141129154901','eth5','0','0','node1','0.0','0.0'),('20141129154901','lo','469402','469402','node1','0.0361328125','0.0361328125'),('20141129155001','bond0','0','0','node1','0.0','0.0'),('20141129155001','eth0','4083453','3987008','node1','0.91015625','0.62890625'),('20141129155001','eth1','0','0','node1','0.0','0.0'),('20141129155001','eth2','0','0','node1','0.0','0.0'),('20141129155001','eth3','0','0','node1','0.0','0.0'),('20141129155001','eth4','0','0','node1','0.0','0.0'),('20141129155001','eth5','0','0','node1','0.0','0.0'),('20141129155001','lo','471270','471270','node1','0.0302734375','0.0302734375'),('20141129155101','bond0','0','0','node1','0.0','0.0'),('20141129155101','eth0','4103414','3990840','node1','0.32421875','0.0615234375'),('20141129155101','eth1','0','0','node1','0.0','0.0'),('20141129155101','eth2','0','0','node1','0.0','0.0'),('20141129155101','eth3','0','0','node1','0.0','0.0'),('20141129155101','eth4','0','0','node1','0.0','0.0'),('20141129155101','eth5','0','0','node1','0.0','0.0'),('20141129155101','lo','473338','473338','node1','0.033203125','0.033203125'),('20141129155201','bond0','0','0','node1','0.0','0.0'),('20141129155201','eth0','4117360','3991476','node1','0.2265625','0.009765625'),('20141129155201','eth1','0','0','node1','0.0','0.0'),('20141129155201','eth2','0','0','node1','0.0','0.0'),('20141129155201','eth3','0','0','node1','0.0','0.0'),('20141129155201','eth4','0','0','node1','0.0','0.0'),('20141129155201','eth5','0','0','node1','0.0','0.0'),('20141129155201','lo','475308','475308','node1','0.03125','0.03125'),('20141129155301','bond0','0','0','node1','0.0','0.0'),('20141129155301','eth0','4127807','3992296','node1','0.169921875','0.0126953125'),('20141129155301','eth1','0','0','node1','0.0','0.0'),('20141129155301','eth2','0','0','node1','0.0','0.0'),('20141129155301','eth3','0','0','node1','0.0','0.0'),('20141129155301','eth4','0','0','node1','0.0','0.0'),('20141129155301','eth5','0','0','node1','0.0','0.0'),('20141129155301','lo','477996','477996','node1','0.04296875','0.04296875'),('20141129155401','bond0','0','0','node1','0.0','0.0'),('20141129155401','eth0','4140831','3992974','node1','0.2119140625','0.0107421875'),('20141129155401','eth1','0','0','node1','0.0','0.0'),('20141129155401','eth2','0','0','node1','0.0','0.0'),('20141129155401','eth3','0','0','node1','0.0','0.0'),('20141129155401','eth4','0','0','node1','0.0','0.0'),('20141129155401','eth5','0','0','node1','0.0','0.0'),('20141129155401','lo','480418','480418','node1','0.0390625','0.0390625'),('20141129155501','bond0','0','0','node1','0.0','0.0'),('20141129155501','eth0','4151317','3993702','node1','0.169921875','0.01171875'),('20141129155501','eth1','0','0','node1','0.0','0.0'),('20141129155501','eth2','0','0','node1','0.0','0.0'),('20141129155501','eth3','0','0','node1','0.0','0.0'),('20141129155501','eth4','0','0','node1','0.0','0.0'),('20141129155501','eth5','0','0','node1','0.0','0.0'),('20141129155501','lo','482330','482330','node1','0.0302734375','0.0302734375'),('20141129155601','bond0','0','0','node1','0.0','0.0'),('20141129155601','eth0','4165517','3994644','node1','0.23046875','0.0146484375'),('20141129155601','eth1','0','0','node1','0.0','0.0'),('20141129155601','eth2','0','0','node1','0.0','0.0'),('20141129155601','eth3','0','0','node1','0.0','0.0'),('20141129155601','eth4','0','0','node1','0.0','0.0'),('20141129155601','eth5','0','0','node1','0.0','0.0'),('20141129155601','lo','484250','484250','node1','0.03125','0.03125'),('20141129155701','bond0','0','0','node1','0.0','0.0'),('20141129155701','eth0','4179969','3995280','node1','0.234375','0.009765625'),('20141129155701','eth1','0','0','node1','0.0','0.0'),('20141129155701','eth2','0','0','node1','0.0','0.0'),('20141129155701','eth3','0','0','node1','0.0','0.0'),('20141129155701','eth4','0','0','node1','0.0','0.0'),('20141129155701','eth5','0','0','node1','0.0','0.0'),('20141129155701','lo','486170','486170','node1','0.03125','0.03125'),('20141129155802','bond0','0','0','node1','0.0','0.0'),('20141129155802','eth0','4195048','3996096','node1','0.2412109375','0.0126953125'),('20141129155802','eth1','0','0','node1','0.0','0.0'),('20141129155802','eth2','0','0','node1','0.0','0.0'),('20141129155802','eth3','0','0','node1','0.0','0.0'),('20141129155802','eth4','0','0','node1','0.0','0.0'),('20141129155802','eth5','0','0','node1','0.0','0.0'),('20141129155802','lo','488002','488002','node1','0.029296875','0.029296875'),('20141129155901','bond0','0','0','node1','0.0','0.0'),('20141129155901','eth0','4209951','3996732','node1','0.24609375','0.009765625'),('20141129155901','eth1','0','0','node1','0.0','0.0'),('20141129155901','eth2','0','0','node1','0.0','0.0'),('20141129155901','eth3','0','0','node1','0.0','0.0'),('20141129155901','eth4','0','0','node1','0.0','0.0'),('20141129155901','eth5','0','0','node1','0.0','0.0'),('20141129155901','lo','490960','490960','node1','0.048828125','0.048828125'),('20141129160001','bond0','0','0','node1','0.0','0.0'),('20141129160001','eth0','4296736','4958674','node1','1.412109375','15.65625'),('20141129160001','eth1','0','0','node1','0.0','0.0'),('20141129160001','eth2','0','0','node1','0.0','0.0'),('20141129160001','eth3','0','0','node1','0.0','0.0'),('20141129160001','eth4','0','0','node1','0.0','0.0'),('20141129160001','eth5','0','0','node1','0.0','0.0'),('20141129160001','lo','494706','494706','node1','0.060546875','0.060546875'),('20141129160101','bond0','0','0','node1','0.0','0.0'),('20141129160101','eth0','4320612','4965032','node1','0.3876953125','0.1025390625'),('20141129160101','eth1','0','0','node1','0.0','0.0'),('20141129160101','eth2','0','0','node1','0.0','0.0'),('20141129160101','eth3','0','0','node1','0.0','0.0'),('20141129160101','eth4','0','0','node1','0.0','0.0'),('20141129160101','eth5','0','0','node1','0.0','0.0'),('20141129160101','lo','497470','497470','node1','0.044921875','0.044921875'),('20141129160201','bond0','0','0','node1','0.0','0.0'),('20141129160201','eth0','4331268','4965672','node1','0.1728515625','0.009765625'),('20141129160201','eth1','0','0','node1','0.0','0.0'),('20141129160201','eth2','0','0','node1','0.0','0.0'),('20141129160201','eth3','0','0','node1','0.0','0.0'),('20141129160201','eth4','0','0','node1','0.0','0.0'),('20141129160201','eth5','0','0','node1','0.0','0.0'),('20141129160201','lo','500350','500350','node1','0.046875','0.046875'),('20141129160301','bond0','0','0','node1','0.0','0.0'),('20141129160301','eth0','4340531','4966484','node1','0.150390625','0.0126953125'),('20141129160301','eth1','0','0','node1','0.0','0.0'),('20141129160301','eth2','0','0','node1','0.0','0.0'),('20141129160301','eth3','0','0','node1','0.0','0.0'),('20141129160301','eth4','0','0','node1','0.0','0.0'),('20141129160301','eth5','0','0','node1','0.0','0.0'),('20141129160301','lo','502438','502438','node1','0.033203125','0.033203125'),('20141129160401','bond0','0','0','node1','0.0','0.0'),('20141129160401','eth0','4353404','4967166','node1','0.208984375','0.0107421875'),('20141129160401','eth1','0','0','node1','0.0','0.0'),('20141129160401','eth2','0','0','node1','0.0','0.0'),('20141129160401','eth3','0','0','node1','0.0','0.0'),('20141129160401','eth4','0','0','node1','0.0','0.0'),('20141129160401','eth5','0','0','node1','0.0','0.0'),('20141129160401','lo','505950','505950','node1','0.056640625','0.056640625'),('20141129160501','bond0','0','0','node1','0.0','0.0'),('20141129160501','eth0','4372760','4967760','node1','0.314453125','0.0087890625'),('20141129160501','eth1','0','0','node1','0.0','0.0'),('20141129160501','eth2','0','0','node1','0.0','0.0'),('20141129160501','eth3','0','0','node1','0.0','0.0'),('20141129160501','eth4','0','0','node1','0.0','0.0'),('20141129160501','eth5','0','0','node1','0.0','0.0'),('20141129160501','lo','509234','509234','node1','0.052734375','0.052734375'),('20141129160601','bond0','0','0','node1','0.0','0.0'),('20141129160601','eth0','4393021','4968484','node1','0.3291015625','0.01171875'),('20141129160601','eth1','0','0','node1','0.0','0.0'),('20141129160601','eth2','0','0','node1','0.0','0.0'),('20141129160601','eth3','0','0','node1','0.0','0.0'),('20141129160601','eth4','0','0','node1','0.0','0.0'),('20141129160601','eth5','0','0','node1','0.0','0.0'),('20141129160601','lo','510994','510994','node1','0.0283203125','0.0283203125'),('20141129160701','bond0','0','0','node1','0.0','0.0'),('20141129160701','eth0','4405679','4969078','node1','0.205078125','0.0087890625'),('20141129160701','eth1','0','0','node1','0.0','0.0'),('20141129160701','eth2','0','0','node1','0.0','0.0'),('20141129160701','eth3','0','0','node1','0.0','0.0'),('20141129160701','eth4','0','0','node1','0.0','0.0'),('20141129160701','eth5','0','0','node1','0.0','0.0'),('20141129160701','lo','512678','512678','node1','0.02734375','0.02734375'),('20141129160801','bond0','0','0','node1','0.0','0.0'),('20141129160801','eth0','4416090','4970150','node1','0.1689453125','0.0166015625'),('20141129160801','eth1','0','0','node1','0.0','0.0'),('20141129160801','eth2','0','0','node1','0.0','0.0'),('20141129160801','eth3','0','0','node1','0.0','0.0'),('20141129160801','eth4','0','0','node1','0.0','0.0'),('20141129160801','eth5','0','0','node1','0.0','0.0'),('20141129160801','lo','514430','514430','node1','0.0283203125','0.0283203125'),('20141129160901','bond0','0','0','node1','0.0','0.0'),('20141129160901','eth0','4430980','4973644','node1','0.2421875','0.056640625'),('20141129160901','eth1','0','0','node1','0.0','0.0'),('20141129160901','eth2','0','0','node1','0.0','0.0'),('20141129160901','eth3','0','0','node1','0.0','0.0'),('20141129160901','eth4','0','0','node1','0.0','0.0'),('20141129160901','eth5','0','0','node1','0.0','0.0'),('20141129160901','lo','516998','516998','node1','0.041015625','0.041015625');
/*!40000 ALTER TABLE `eth_traffic` ENABLE KEYS */;
UNLOCK TABLES;

--
-- Table structure for table `memory_data`
--

DROP TABLE IF EXISTS `memory_data`;
/*!40101 SET @saved_cs_client     = @@character_set_client */;
/*!40101 SET character_set_client = utf8 */;
CREATE TABLE `memory_data` (
  `timestamp` varchar(255) NOT NULL,
  `used` varchar(255) NOT NULL,
  `free` varchar(255) NOT NULL,
  `node` varchar(255) NOT NULL
) ENGINE=InnoDB DEFAULT CHARSET=latin1;
/*!40101 SET character_set_client = @saved_cs_client */;

--
-- Dumping data for table `memory_data`
--

LOCK TABLES `memory_data` WRITE;
/*!40000 ALTER TABLE `memory_data` DISABLE KEYS */;
INSERT INTO `memory_data` VALUES ('20141129125201','445','15576','node1'),('20141129125301','465','15557','node1'),('20141129125401','446','15576','node1'),('20141129125501','467','15555','node1'),('20141129125601','445','15576','node1'),('20141129125701','464','15558','node1'),('20141129125802','465','15557','node1'),('20141129125901','446','15576','node1'),('20141129130001','447','15575','node1'),('20141129130101','435','15587','node1'),('20141129130201','473','15549','node1'),('20141129130301','431','15591','node1'),('20141129130402','432','15590','node1'),('20141129130501','452','15570','node1'),('20141129130601','431','15591','node1'),('20141129130701','432','15590','node1'),('20141129130801','432','15590','node1'),('20141129130901','431','15591','node1'),('20141129131001','432','15590','node1'),('20141129131102','432','15590','node1'),('20141129131201','432','15590','node1'),('20141129131301','432','15590','node1'),('20141129131401','432','15590','node1'),('20141129131501','453','15569','node1'),('20141129131601','432','15590','node1'),('20141129131701','433','15589','node1'),('20141129131801','433','15589','node1'),('20141129131901','432','15590','node1'),('20141129132001','454','15568','node1'),('20141129132101','434','15588','node1'),('20141129132201','433','15589','node1'),('20141129132302','433','15589','node1'),('20141129132401','433','15589','node1'),('20141129132501','455','15567','node1'),('20141129132601','434','15588','node1'),('20141129132701','433','15589','node1'),('20141129132801','434','15588','node1'),('20141129132901','433','15589','node1'),('20141129133002','434','15588','node1'),('20141129133101','434','15588','node1'),('20141129133201','433','15588','node1'),('20141129133302','433','15589','node1'),('20141129133401','434','15588','node1'),('20141129133501','455','15567','node1'),('20141129133601','434','15588','node1'),('20141129133701','434','15588','node1'),('20141129133801','435','15587','node1'),('20141129133901','434','15588','node1'),('20141129134002','456','15566','node1'),('20141129134101','434','15588','node1'),('20141129134202','434','15588','node1'),('20141129134301','434','15588','node1'),('20141129134401','434','15588','node1'),('20141129134501','456','15566','node1'),('20141129134601','435','15587','node1'),('20141129134701','435','15587','node1'),('20141129134801','434','15588','node1'),('20141129134902','434','15588','node1'),('20141129135001','435','15587','node1'),('20141129135101','435','15587','node1'),('20141129135202','436','15586','node1'),('20141129135301','435','15587','node1'),('20141129135401','435','15587','node1'),('20141129135501','457','15565','node1'),('20141129135601','435','15587','node1'),('20141129135701','415','15607','node1'),('20141129135801','436','15586','node1'),('20141129135901','435','15587','node1'),('20141129140001','456','15566','node1'),('20141129140102','435','15587','node1'),('20141129140201','435','15587','node1'),('20141129140301','436','15586','node1'),('20141129140402','436','15586','node1'),('20141129140501','457','15565','node1'),('20141129140602','436','15586','node1'),('20141129140701','436','15586','node1'),('20141129140801','436','15586','node1'),('20141129140901','436','15586','node1'),('20141129141001','436','15586','node1'),('20141129141101','436','15586','node1'),('20141129141201','436','15586','node1'),('20141129141301','436','15586','node1'),('20141129141402','437','15585','node1'),('20141129141501','458','15564','node1'),('20141129141602','437','15585','node1'),('20141129141701','437','15585','node1'),('20141129141801','437','15585','node1'),('20141129141901','439','15583','node1'),('20141129142001','461','15561','node1'),('20141129142101','440','15582','node1'),('20141129142201','440','15582','node1'),('20141129142302','439','15583','node1'),('20141129142401','440','15582','node1'),('20141129142501','461','15561','node1'),('20141129142601','439','15583','node1'),('20141129142701','440','15582','node1'),('20141129142802','440','15582','node1'),('20141129142901','461','15561','node1'),('20141129143001','440','15582','node1'),('20141129143101','441','15581','node1'),('20141129143201','441','15581','node1'),('20141129143301','440','15582','node1'),('20141129143401','441','15581','node1'),('20141129143501','462','15560','node1'),('20141129143601','442','15580','node1'),('20141129143701','443','15579','node1'),('20141129143801','443','15579','node1'),('20141129143901','443','15578','node1'),('20141129144002','464','15558','node1'),('20141129144101','443','15579','node1'),('20141129144202','443','15579','node1'),('20141129144301','444','15578','node1'),('20141129144401','444','15578','node1'),('20141129144501','465','15557','node1'),('20141129144601','444','15578','node1'),('20141129144701','444','15578','node1'),('20141129144801','444','15578','node1'),('20141129144901','444','15578','node1'),('20141129145001','445','15577','node1'),('20141129145101','444','15577','node1'),('20141129145202','445','15577','node1'),('20141129145301','444','15578','node1'),('20141129145401','445','15577','node1'),('20141129145502','465','15557','node1'),('20141129145601','445','15577','node1'),('20141129145701','445','15577','node1'),('20141129145801','445','15577','node1'),('20141129145901','445','15577','node1'),('20141129150001','467','15555','node1'),('20141129150101','446','15576','node1'),('20141129150201','447','15575','node1'),('20141129150301','446','15576','node1'),('20141129150402','447','15575','node1'),('20141129150501','469','15553','node1'),('20141129150602','447','15575','node1'),('20141129150701','447','15575','node1'),('20141129150801','448','15574','node1'),('20141129150901','447','15575','node1'),('20141129151001','448','15574','node1'),('20141129151101','447','15575','node1'),('20141129151201','448','15574','node1'),('20141129151301','447','15575','node1'),('20141129151401','447','15575','node1'),('20141129151501','469','15553','node1'),('20141129151602','447','15575','node1'),('20141129151701','446','15576','node1'),('20141129151801','448','15574','node1'),('20141129151902','448','15574','node1'),('20141129152001','469','15553','node1'),('20141129152101','448','15574','node1'),('20141129152201','448','15574','node1'),('20141129152301','448','15574','node1'),('20141129152401','449','15573','node1'),('20141129152501','470','15552','node1'),('20141129152601','449','15573','node1'),('20141129152701','450','15572','node1'),('20141129152802','479','15543','node1'),('20141129152901','456','15566','node1'),('20141129153001','455','15567','node1'),('20141129153102','456','15566','node1'),('20141129153201','456','15566','node1'),('20141129153301','456','15566','node1'),('20141129153401','456','15566','node1'),('20141129153501','478','15544','node1'),('20141129153601','457','15565','node1'),('20141129153701','456','15566','node1'),('20141129153801','456','15566','node1'),('20141129153901','457','15565','node1'),('20141129154001','478','15544','node1'),('20141129154101','457','15565','node1'),('20141129154201','456','15566','node1'),('20141129154302','456','15566','node1'),('20141129154401','457','15565','node1'),('20141129154501','478','15544','node1'),('20141129154601','459','15563','node1'),('20141129154701','458','15564','node1'),('20141129154801','459','15563','node1'),('20141129154901','458','15564','node1'),('20141129155001','458','15564','node1'),('20141129155101','459','15563','node1'),('20141129155201','458','15564','node1'),('20141129155301','458','15564','node1'),('20141129155401','459','15563','node1'),('20141129155501','480','15542','node1'),('20141129155601','459','15563','node1'),('20141129155701','460','15562','node1'),('20141129155802','459','15563','node1'),('20141129155901','458','15564','node1'),('20141129160001','487','15535','node1'),('20141129160101','466','15555','node1'),('20141129160201','466','15556','node1'),('20141129160301','467','15555','node1'),('20141129160401','467','15555','node1'),('20141129160501','488','15534','node1'),('20141129160601','466','15556','node1'),('20141129160701','466','15556','node1'),('20141129160801','466','15556','node1'),('20141129160901','467','15555','node1');
/*!40000 ALTER TABLE `memory_data` ENABLE KEYS */;
UNLOCK TABLES;

--
-- Table structure for table `temperature`
--

DROP TABLE IF EXISTS `temperature`;
/*!40101 SET @saved_cs_client     = @@character_set_client */;
/*!40101 SET character_set_client = utf8 */;
CREATE TABLE `temperature` (
  `timestamp` varchar(255) NOT NULL,
  `temp` varchar(255) NOT NULL,
  `node` varchar(255) NOT NULL,
  `cpu1` varchar(255) NOT NULL,
  `cpu2` varchar(255) NOT NULL
) ENGINE=InnoDB DEFAULT CHARSET=latin1;
/*!40101 SET character_set_client = @saved_cs_client */;

--
-- Dumping data for table `temperature`
--

LOCK TABLES `temperature` WRITE;
/*!40000 ALTER TABLE `temperature` DISABLE KEYS */;
INSERT INTO `temperature` VALUES ('20141129125201','34.0','node1','28','0'),('20141129125301','35.0','node1','28','0'),('20141129125401','33.0','node1','28','0'),('20141129125501','35.0','node1','29','0'),('20141129125601','35.0','node1','28','0'),('20141129125701','33.0','node1','27','0'),('20141129125802','34.0','node1','28','0'),('20141129125901','34.0','node1','29','0'),('20141129130001','33.0','node1','30','0'),('20141129130101','33.0','node1','29','0'),('20141129130201','32.0','node1','28','0'),('20141129130301','32.0','node1','28','0'),('20141129130402','32.0','node1','28','0'),('20141129130501','33.0','node1','28','0'),('20141129130601','32.0','node1','28','0'),('20141129130701','33.0','node1','28','0'),('20141129130801','33.0','node1','28','0'),('20141129130901','33.0','node1','27','0'),('20141129131001','33.0','node1','31','0'),('20141129131102','30.0','node1','27','0'),('20141129131201','32.0','node1','28','0'),('20141129131301','31.0','node1','28','0'),('20141129131401','33.0','node1','28','0'),('20141129131501','33.0','node1','27','0'),('20141129131601','32.0','node1','28','0'),('20141129131701','31.0','node1','27','0'),('20141129131801','32.0','node1','32','0'),('20141129131901','32.0','node1','27','0'),('20141129132001','31.0','node1','29','0'),('20141129132101','32.0','node1','28','0'),('20141129132201','32.0','node1','28','0'),('20141129132302','33.0','node1','28','0'),('20141129132401','30.0','node1','30','0'),('20141129132501','32.0','node1','28','0'),('20141129132601','31.0','node1','27','0'),('20141129132701','32.0','node1','28','0'),('20141129132801','32.0','node1','31','0'),('20141129132901','32.0','node1','28','0'),('20141129133002','32.0','node1','27','0'),('20141129133101','33.0','node1','27','0'),('20141129133201','34.0','node1','30','0'),('20141129133302','32.0','node1','27','0'),('20141129133401','32.0','node1','28','0'),('20141129133501','33.0','node1','28','0'),('20141129133601','34.0','node1','27','0'),('20141129133701','34.0','node1','27','0'),('20141129133801','33.0','node1','27','0'),('20141129133901','33.0','node1','27','0'),('20141129134002','33.0','node1','28','0'),('20141129134101','34.0','node1','27','0'),('20141129134202','33.0','node1','28','0'),('20141129134301','34.0','node1','28','0'),('20141129134401','33.0','node1','28','0'),('20141129134501','32.0','node1','27','0'),('20141129134601','33.0','node1','31','0'),('20141129134701','34.0','node1','28','0'),('20141129134801','32.0','node1','27','0'),('20141129134902','33.0','node1','32','0'),('20141129135001','33.0','node1','28','0'),('20141129135101','33.0','node1','28','0'),('20141129135202','32.0','node1','28','0'),('20141129135301','33.0','node1','28','0'),('20141129135401','32.0','node1','30','0'),('20141129135501','32.0','node1','27','0'),('20141129135601','33.0','node1','28','0'),('20141129135701','33.0','node1','28','0'),('20141129135801','33.0','node1','28','0'),('20141129135901','34.0','node1','27','0'),('20141129140001','33.0','node1','30','0'),('20141129140102','34.0','node1','27','0'),('20141129140201','33.0','node1','28','0'),('20141129140301','34.0','node1','28','0'),('20141129140402','33.0','node1','28','0'),('20141129140501','32.0','node1','27','0'),('20141129140602','33.0','node1','30','0'),('20141129140701','33.0','node1','28','0'),('20141129140801','32.0','node1','28','0'),('20141129140901','31.0','node1','28','0'),('20141129141001','33.0','node1','29','0'),('20141129141101','33.0','node1','28','0'),('20141129141201','32.0','node1','28','0'),('20141129141301','32.0','node1','28','0'),('20141129141402','32.0','node1','28','0'),('20141129141501','33.0','node1','27','0'),('20141129141602','34.0','node1','28','0'),('20141129141701','34.0','node1','29','0'),('20141129141801','33.0','node1','28','0'),('20141129141901','33.0','node1','30','0'),('20141129142001','34.0','node1','31','0'),('20141129142101','33.0','node1','28','0'),('20141129142201','34.0','node1','32','0'),('20141129142302','33.0','node1','28','0'),('20141129142401','33.0','node1','30','0'),('20141129142501','32.0','node1','28','0'),('20141129142601','32.0','node1','29','0'),('20141129142701','34.0','node1','28','0'),('20141129142802','34.0','node1','29','0'),('20141129142901','34.0','node1','31','0'),('20141129143001','33.0','node1','29','0'),('20141129143101','33.0','node1','29','0'),('20141129143201','34.0','node1','30','0'),('20141129143301','33.0','node1','28','0'),('20141129143401','34.0','node1','31','0'),('20141129143501','32.0','node1','29','0'),('20141129143601','32.0','node1','30','0'),('20141129143701','33.0','node1','28','0'),('20141129143801','33.0','node1','28','0'),('20141129143901','34.0','node1','32','0'),('20141129144002','34.0','node1','29','0'),('20141129144101','34.0','node1','29','0'),('20141129144202','33.0','node1','29','0'),('20141129144301','34.0','node1','29','0'),('20141129144401','34.0','node1','28','0'),('20141129144501','33.0','node1','29','0'),('20141129144601','33.0','node1','32','0'),('20141129144701','33.0','node1','28','0'),('20141129144801','33.0','node1','29','0'),('20141129144901','32.0','node1','28','0'),('20141129145001','32.0','node1','28','0'),('20141129145101','33.0','node1','28','0'),('20141129145202','33.0','node1','31','0'),('20141129145301','32.0','node1','29','0'),('20141129145401','33.0','node1','28','0'),('20141129145502','33.0','node1','28','0'),('20141129145601','33.0','node1','29','0'),('20141129145701','33.0','node1','29','0'),('20141129145801','33.0','node1','28','0'),('20141129145901','33.0','node1','29','0'),('20141129150001','34.0','node1','29','0'),('20141129150101','33.0','node1','32','0'),('20141129150201','33.0','node1','29','0'),('20141129150301','32.0','node1','30','0'),('20141129150402','33.0','node1','29','0'),('20141129150501','33.0','node1','28','0'),('20141129150602','32.0','node1','28','0'),('20141129150701','31.0','node1','28','0'),('20141129150801','32.0','node1','32','0'),('20141129150901','34.0','node1','29','0'),('20141129151001','33.0','node1','29','0'),('20141129151101','34.0','node1','32','0'),('20141129151201','32.0','node1','28','0'),('20141129151301','34.0','node1','29','0'),('20141129151401','33.0','node1','33','0'),('20141129151501','33.0','node1','29','0'),('20141129151602','34.0','node1','29','0'),('20141129151701','34.0','node1','30','0'),('20141129151801','33.0','node1','29','0'),('20141129151902','33.0','node1','29','0'),('20141129152001','34.0','node1','29','0'),('20141129152101','32.0','node1','29','0'),('20141129152201','33.0','node1','29','0'),('20141129152301','33.0','node1','29','0'),('20141129152401','34.0','node1','30','0'),('20141129152501','34.0','node1','30','0'),('20141129152601','33.0','node1','29','0'),('20141129152701','33.0','node1','29','0'),('20141129152802','33.0','node1','29','0'),('20141129152901','32.0','node1','29','0'),('20141129153001','33.0','node1','29','0'),('20141129153102','33.0','node1','29','0'),('20141129153201','34.0','node1','29','0'),('20141129153301','34.0','node1','29','0'),('20141129153401','34.0','node1','29','0'),('20141129153501','33.0','node1','29','0'),('20141129153601','34.0','node1','29','0'),('20141129153701','34.0','node1','29','0'),('20141129153801','33.0','node1','29','0'),('20141129153901','33.0','node1','29','0'),('20141129154001','32.0','node1','29','0'),('20141129154101','33.0','node1','30','0'),('20141129154201','33.0','node1','29','0'),('20141129154302','33.0','node1','30','0'),('20141129154401','33.0','node1','29','0'),('20141129154501','34.0','node1','35','0'),('20141129154601','33.0','node1','31','0'),('20141129154701','33.0','node1','29','0'),('20141129154801','34.0','node1','32','0'),('20141129154901','31.0','node1','30','0'),('20141129155001','33.0','node1','29','0'),('20141129155101','32.0','node1','29','0'),('20141129155201','33.0','node1','29','0'),('20141129155301','32.0','node1','29','0'),('20141129155401','33.0','node1','29','0'),('20141129155501','33.0','node1','29','0'),('20141129155601','33.0','node1','29','0'),('20141129155701','33.0','node1','29','0'),('20141129155802','34.0','node1','28','0'),('20141129155901','34.0','node1','29','0'),('20141129160001','33.0','node1','29','0'),('20141129160101','33.0','node1','29','0'),('20141129160201','32.0','node1','29','0'),('20141129160301','34.0','node1','29','0'),('20141129160401','32.0','node1','28','0'),('20141129160501','33.0','node1','28','0'),('20141129160601','32.0','node1','28','0'),('20141129160701','33.0','node1','30','0'),('20141129160801','33.0','node1','28','0'),('20141129160901','33.0','node1','29','0');
/*!40000 ALTER TABLE `temperature` ENABLE KEYS */;
UNLOCK TABLES;
/*!40103 SET TIME_ZONE=@OLD_TIME_ZONE */;

/*!40101 SET SQL_MODE=@OLD_SQL_MODE */;
/*!40014 SET FOREIGN_KEY_CHECKS=@OLD_FOREIGN_KEY_CHECKS */;
/*!40014 SET UNIQUE_CHECKS=@OLD_UNIQUE_CHECKS */;
/*!40101 SET CHARACTER_SET_CLIENT=@OLD_CHARACTER_SET_CLIENT */;
/*!40101 SET CHARACTER_SET_RESULTS=@OLD_CHARACTER_SET_RESULTS */;
/*!40101 SET COLLATION_CONNECTION=@OLD_COLLATION_CONNECTION */;
/*!40111 SET SQL_NOTES=@OLD_SQL_NOTES */;

-- Dump completed on 2014-11-29 16:09:53
